省,地级市,县区
北京市,北京市,东城区
北京市,北京市,西城区
北京市,北京市,崇文区
北京市,北京市,宣武区
北京市,北京市,朝阳区
北京市,北京市,丰台区
北京市,北京市,石景山区
北京市,北京市,海淀区
北京市,北京市,门头沟区
北京市,北京市,房山区
北京市,北京市,通州区
北京市,北京市,顺义区
北京市,北京市,昌平区
北京市,北京市,大兴区
北京市,北京市,平谷区
北京市,北京市,怀柔区
北京市,北京市,密云县
北京市,北京市,延庆县
天津市,天津市,和平区
天津市,天津市,河东区
天津市,天津市,河西区
天津市,天津市,南开区
天津市,天津市,河北区
天津市,天津市,红桥区
天津市,天津市,塘沽区
天津市,天津市,汉沽区
天津市,天津市,大港区
天津市,天津市,东丽区
天津市,天津市,西青区
天津市,天津市,津南区
天津市,天津市,北辰区
天津市,天津市,武清区
天津市,天津市,宝坻区
天津市,天津市,宁河县
天津市,天津市,静海县
天津市,天津市,蓟县
河北省,石家庄市,长安区
河北省,石家庄市,桥东区
河北省,石家庄市,桥西区
河北省,石家庄市,新华区
河北省,石家庄市,郊区
河北省,石家庄市,井陉矿区
河北省,石家庄市,井陉县
河北省,石家庄市,正定县
河北省,石家庄市,栾城县
河北省,石家庄市,行唐县
河北省,石家庄市,灵寿县
河北省,石家庄市,高邑县
河北省,石家庄市,深泽县
河北省,石家庄市,赞皇县
河北省,石家庄市,无极县
河北省,石家庄市,平山县
河北省,石家庄市,元氏县
河北省,石家庄市,赵县
河北省,石家庄市,辛集市
河北省,石家庄市,藁城市
河北省,石家庄市,晋州市
河北省,石家庄市,新乐市
河北省,石家庄市,鹿泉市
河北省,唐山市,路南区
河北省,唐山市,路北区
河北省,唐山市,古冶区
河北省,唐山市,开平区
河北省,唐山市,新区
河北省,唐山市,丰润县
河北省,唐山市,滦县
河北省,唐山市,滦南县
河北省,唐山市,乐亭县
河北省,唐山市,迁西县
河北省,唐山市,玉田县
河北省,唐山市,唐海县
河北省,唐山市,遵化市
河北省,唐山市,丰南市
河北省,唐山市,迁安市
河北省,秦皇岛市,海港区
河北省,秦皇岛市,山海关区
河北省,秦皇岛市,北戴河区
河北省,秦皇岛市,青龙满族自治县
河北省,秦皇岛市,昌黎县
河北省,秦皇岛市,抚宁县
河北省,秦皇岛市,卢龙县
河北省,邯郸市,邯山区
河北省,邯郸市,丛台区
河北省,邯郸市,复兴区
河北省,邯郸市,峰峰矿区
河北省,邯郸市,邯郸县
河北省,邯郸市,临漳县
河北省,邯郸市,成安县
河北省,邯郸市,大名县
河北省,邯郸市,涉县
河北省,邯郸市,磁县
河北省,邯郸市,肥乡县
河北省,邯郸市,永年县
河北省,邯郸市,邱县
河北省,邯郸市,鸡泽县
河北省,邯郸市,广平县
河北省,邯郸市,馆陶县
河北省,邯郸市,魏县
河北省,邯郸市,曲周县
河北省,邯郸市,武安市
河北省,邢台市,桥东区
河北省,邢台市,桥西区
河北省,邢台市,邢台县
河北省,邢台市,临城县
河北省,邢台市,内丘县
河北省,邢台市,柏乡县
河北省,邢台市,隆尧县
河北省,邢台市,任县
河北省,邢台市,南和县
河北省,邢台市,宁晋县
河北省,邢台市,巨鹿县
河北省,邢台市,新河县
河北省,邢台市,广宗县
河北省,邢台市,平乡县
河北省,邢台市,威县
河北省,邢台市,清河县
河北省,邢台市,临西县
河北省,邢台市,南宫市
河北省,邢台市,沙河市
河北省,保定市,新市区
河北省,保定市,北市区
河北省,保定市,南市区
河北省,保定市,满城县
河北省,保定市,清苑县
河北省,保定市,涞水县
河北省,保定市,阜平县
河北省,保定市,徐水县
河北省,保定市,定兴县
河北省,保定市,唐县
河北省,保定市,高阳县
河北省,保定市,容城县
河北省,保定市,涞源县
河北省,保定市,望都县
河北省,保定市,安新县
河北省,保定市,易县
河北省,保定市,曲阳县
河北省,保定市,蠡县
河北省,保定市,顺平县
河北省,保定市,博野县
河北省,保定市,雄县
河北省,保定市,涿州市
河北省,保定市,定州市
河北省,保定市,安国市
河北省,保定市,高碑店市
河北省,张家口市,桥东区
河北省,张家口市,桥西区
河北省,张家口市,宣化区
河北省,张家口市,下花园区
河北省,张家口市,宣化县
河北省,张家口市,张北县
河北省,张家口市,康保县
河北省,张家口市,沽源县
河北省,张家口市,尚义县
河北省,张家口市,蔚县
河北省,张家口市,阳原县
河北省,张家口市,怀安县
河北省,张家口市,万全县
河北省,张家口市,怀来县
河北省,张家口市,涿鹿县
河北省,张家口市,赤城县
河北省,张家口市,崇礼县
河北省,承德市,双桥区
河北省,承德市,双滦区
河北省,承德市,鹰手营子矿区
河北省,承德市,承德县
河北省,承德市,兴隆县
河北省,承德市,平泉县
河北省,承德市,滦平县
河北省,承德市,隆化县
河北省,承德市,丰宁满族自治县
河北省,承德市,宽城满族自治县
河北省,承德市,围场满族蒙古族自治县
河北省,沧州市,新华区
河北省,沧州市,运河区
河北省,沧州市,沧县
河北省,沧州市,青县
河北省,沧州市,东光县
河北省,沧州市,海兴县
河北省,沧州市,盐山县
河北省,沧州市,肃宁县
河北省,沧州市,南皮县
河北省,沧州市,吴桥县
河北省,沧州市,献县
河北省,沧州市,孟村回族自治县
河北省,沧州市,泊头市
河北省,沧州市,任丘市
河北省,沧州市,黄骅市
河北省,沧州市,河间市
河北省,廊坊市,安次区
河北省,廊坊市,固安县
河北省,廊坊市,永清县
河北省,廊坊市,香河县
河北省,廊坊市,大城县
河北省,廊坊市,文安县
河北省,廊坊市,大厂回族自治县
河北省,廊坊市,霸州市
河北省,廊坊市,三河市
河北省,衡水市,桃城区
河北省,衡水市,枣强县
河北省,衡水市,武邑县
河北省,衡水市,武强县
河北省,衡水市,饶阳县
河北省,衡水市,安平县
河北省,衡水市,故城县
河北省,衡水市,景县
河北省,衡水市,阜城县
河北省,衡水市,冀州市
河北省,衡水市,深州市
山西省,太原市,小店区
山西省,太原市,迎泽区
山西省,太原市,杏花岭区
山西省,太原市,尖草坪区
山西省,太原市,万柏林区
山西省,太原市,晋源区
山西省,太原市,清徐县
山西省,太原市,阳曲县
山西省,太原市,娄烦县
山西省,太原市,古交市
山西省,大同市,城区
山西省,大同市,矿区
山西省,大同市,南郊区
山西省,大同市,新荣区
山西省,大同市,阳高县
山西省,大同市,天镇县
山西省,大同市,广灵县
山西省,大同市,灵丘县
山西省,大同市,浑源县
山西省,大同市,左云县
山西省,大同市,大同县
山西省,阳泉市,城区
山西省,阳泉市,矿区
山西省,阳泉市,郊区
山西省,阳泉市,平定县
山西省,阳泉市,盂县
山西省,长治市,城区
山西省,长治市,郊区
山西省,长治市,长治县
山西省,长治市,襄垣县
山西省,长治市,屯留县
山西省,长治市,平顺县
山西省,长治市,黎城县
山西省,长治市,壶关县
山西省,长治市,长子县
山西省,长治市,武乡县
山西省,长治市,沁县
山西省,长治市,沁源县
山西省,长治市,潞城市
山西省,晋城市,城区
山西省,晋城市,沁水县
山西省,晋城市,阳城县
山西省,晋城市,陵川县
山西省,晋城市,泽州县
山西省,晋城市,高平市
山西省,朔州市,朔城区
山西省,朔州市,平鲁区
山西省,朔州市,山阴县
山西省,朔州市,应县
山西省,朔州市,右玉县
山西省,朔州市,怀仁县
山西省,忻州市,忻府区
山西省,忻州市,原平市
山西省,忻州市,定襄县
山西省,忻州市,五台县
山西省,忻州市,代县
山西省,忻州市,繁峙县
山西省,忻州市,宁武县
山西省,忻州市,静乐县
山西省,忻州市,神池县
山西省,忻州市,五寨县
山西省,忻州市,岢岚县
山西省,忻州市,河曲县
山西省,忻州市,保德县
山西省,忻州市,偏关县
山西省,吕梁市,离石区
山西省,吕梁市,孝义市
山西省,吕梁市,汾阳市
山西省,吕梁市,文水县
山西省,吕梁市,交城县
山西省,吕梁市,兴县
山西省,吕梁市,临县
山西省,吕梁市,柳林县
山西省,吕梁市,石楼县
山西省,吕梁市,岚县
山西省,吕梁市,方山县
山西省,吕梁市,中阳县
山西省,吕梁市,交口县
山西省,晋中市,榆次市
山西省,晋中市,介休市
山西省,晋中市,榆社县
山西省,晋中市,左权县
山西省,晋中市,和顺县
山西省,晋中市,昔阳县
山西省,晋中市,寿阳县
山西省,晋中市,太谷县
山西省,晋中市,祁县
山西省,晋中市,平遥县
山西省,晋中市,灵石县
山西省,临汾市,临汾市
山西省,临汾市,侯马市
山西省,临汾市,霍州市
山西省,临汾市,曲沃县
山西省,临汾市,翼城县
山西省,临汾市,襄汾县
山西省,临汾市,洪洞县
山西省,临汾市,古县
山西省,临汾市,安泽县
山西省,临汾市,浮山县
山西省,临汾市,吉县
山西省,临汾市,乡宁县
山西省,临汾市,蒲县
山西省,临汾市,大宁县
山西省,临汾市,永和县
山西省,临汾市,隰县
山西省,临汾市,汾西县
山西省,运城市,运城市
山西省,运城市,永济市
山西省,运城市,河津市
山西省,运城市,芮城县
山西省,运城市,临猗县
山西省,运城市,万荣县
山西省,运城市,新绛县
山西省,运城市,稷山县
山西省,运城市,闻喜县
山西省,运城市,夏县
山西省,运城市,绛县
山西省,运城市,平陆县
山西省,运城市,垣曲县
内蒙古,呼和浩特市,新城区
内蒙古,呼和浩特市,回民区
内蒙古,呼和浩特市,玉泉区
内蒙古,呼和浩特市,郊区
内蒙古,呼和浩特市,土默特左旗
内蒙古,呼和浩特市,托克托县
内蒙古,呼和浩特市,和林格尔县
内蒙古,呼和浩特市,清水河县
内蒙古,呼和浩特市,武川县
内蒙古,包头市,东河区
内蒙古,包头市,昆都伦区
内蒙古,包头市,青山区
内蒙古,包头市,石拐矿区
内蒙古,包头市,白云矿区
内蒙古,包头市,郊区
内蒙古,包头市,土默特右旗
内蒙古,包头市,固阳县
内蒙古,包头市,达尔罕茂明安联合旗
内蒙古,乌海市,海勃湾区
内蒙古,乌海市,海南区
内蒙古,乌海市,乌达区
内蒙古,赤峰市,红山区
内蒙古,赤峰市,元宝山区
内蒙古,赤峰市,松山区
内蒙古,赤峰市,阿鲁科尔沁旗
内蒙古,赤峰市,巴林左旗
内蒙古,赤峰市,巴林右旗
内蒙古,赤峰市,林西县
内蒙古,赤峰市,克什克腾旗
内蒙古,赤峰市,翁牛特旗
内蒙古,赤峰市,喀喇沁旗
内蒙古,赤峰市,宁城县
内蒙古,赤峰市,敖汉旗
内蒙古,呼伦贝尔市,海拉尔市
内蒙古,呼伦贝尔市,满洲里市
内蒙古,呼伦贝尔市,扎兰屯市
内蒙古,呼伦贝尔市,牙克石市
内蒙古,呼伦贝尔市,根河市
内蒙古,呼伦贝尔市,额尔古纳市
内蒙古,呼伦贝尔市,阿荣旗
内蒙古,呼伦贝尔市,莫力达瓦达斡尔族自治旗
内蒙古,呼伦贝尔市,鄂伦春自治旗
内蒙古,呼伦贝尔市,鄂温克族自治旗
内蒙古,呼伦贝尔市,新巴尔虎右旗
内蒙古,呼伦贝尔市,新巴尔虎左旗
内蒙古,呼伦贝尔市,陈巴尔虎旗
内蒙古,兴安盟,乌兰浩特市
内蒙古,兴安盟,阿尔山市
内蒙古,兴安盟,科尔沁右翼前旗
内蒙古,兴安盟,科尔沁右翼中旗
内蒙古,兴安盟,扎赉特旗
内蒙古,兴安盟,突泉县
内蒙古,通辽市,科尔沁区
内蒙古,通辽市,霍林郭勒市
内蒙古,通辽市,科尔沁左翼中旗
内蒙古,通辽市,科尔沁左翼后旗
内蒙古,通辽市,开鲁县
内蒙古,通辽市,库伦旗
内蒙古,通辽市,奈曼旗
内蒙古,通辽市,扎鲁特旗
内蒙古,锡林郭勒盟,二连浩特市
内蒙古,锡林郭勒盟,锡林浩特市
内蒙古,锡林郭勒盟,阿巴嘎旗
内蒙古,锡林郭勒盟,苏尼特左旗
内蒙古,锡林郭勒盟,苏尼特右旗
内蒙古,锡林郭勒盟,东乌珠穆沁旗
内蒙古,锡林郭勒盟,西乌珠穆沁旗
内蒙古,锡林郭勒盟,太仆寺旗
内蒙古,锡林郭勒盟,镶黄旗
内蒙古,锡林郭勒盟,正镶白旗
内蒙古,锡林郭勒盟,正蓝旗
内蒙古,锡林郭勒盟,多伦县
内蒙古,乌兰察布盟,集宁市
内蒙古,乌兰察布盟,丰镇市
内蒙古,乌兰察布盟,卓资县
内蒙古,乌兰察布盟,化德县
内蒙古,乌兰察布盟,商都县
内蒙古,乌兰察布盟,兴和县
内蒙古,乌兰察布盟,凉城县
内蒙古,乌兰察布盟,察哈尔右翼前旗
内蒙古,乌兰察布盟,察哈尔右翼中旗
内蒙古,乌兰察布盟,察哈尔右翼后旗
内蒙古,乌兰察布盟,四子王旗
内蒙古,伊克昭盟,东胜市
内蒙古,伊克昭盟,达拉特旗
内蒙古,伊克昭盟,准格尔旗
内蒙古,伊克昭盟,鄂托克前旗
内蒙古,伊克昭盟,鄂托克旗
内蒙古,伊克昭盟,杭锦旗
内蒙古,伊克昭盟,乌审旗
内蒙古,伊克昭盟,伊金霍洛旗
内蒙古,鄂尔多斯,东胜市
内蒙古,鄂尔多斯,达拉特旗
内蒙古,鄂尔多斯,准格尔旗
内蒙古,鄂尔多斯,鄂托克前旗
内蒙古,鄂尔多斯,鄂托克旗
内蒙古,鄂尔多斯,杭锦旗
内蒙古,鄂尔多斯,乌审旗
内蒙古,鄂尔多斯,伊金霍洛旗
内蒙古,巴彦淖尔盟,临河市
内蒙古,巴彦淖尔盟,五原县
内蒙古,巴彦淖尔盟,磴口县
内蒙古,巴彦淖尔盟,乌拉特前旗
内蒙古,巴彦淖尔盟,乌拉特中旗
内蒙古,巴彦淖尔盟,乌拉特后旗
内蒙古,巴彦淖尔盟,杭锦后旗
内蒙古,阿拉善盟,阿拉善左旗
内蒙古,阿拉善盟,阿拉善右旗
内蒙古,阿拉善盟,额济纳旗
辽宁省,沈阳市,和平区
辽宁省,沈阳市,沈河区
辽宁省,沈阳市,大东区
辽宁省,沈阳市,皇姑区
辽宁省,沈阳市,铁西区
辽宁省,沈阳市,苏家屯区
辽宁省,沈阳市,东陵区
辽宁省,沈阳市,新城子区
辽宁省,沈阳市,于洪区
辽宁省,沈阳市,辽中县
辽宁省,沈阳市,康平县
辽宁省,沈阳市,法库县
辽宁省,沈阳市,新民市
辽宁省,大连市,中山区
辽宁省,大连市,西岗区
辽宁省,大连市,沙河口区
辽宁省,大连市,甘井子区
辽宁省,大连市,旅顺口区
辽宁省,大连市,金州区
辽宁省,大连市,长海县
辽宁省,大连市,瓦房店市
辽宁省,大连市,普兰店市
辽宁省,大连市,庄河市
辽宁省,鞍山市,铁东区
辽宁省,鞍山市,铁西区
辽宁省,鞍山市,立山区
辽宁省,鞍山市,千山区
辽宁省,鞍山市,台安县
辽宁省,鞍山市,岫岩满族自治县
辽宁省,鞍山市,海城市
辽宁省,抚顺市,新抚区
辽宁省,抚顺市,露天区
辽宁省,抚顺市,望花区
辽宁省,抚顺市,顺城区
辽宁省,抚顺市,抚顺县
辽宁省,抚顺市,新宾满族自治县
辽宁省,抚顺市,清原满族自治县
辽宁省,本溪市,平山区
辽宁省,本溪市,溪湖区
辽宁省,本溪市,明山区
辽宁省,本溪市,南芬区
辽宁省,本溪市,本溪满族自治县
辽宁省,本溪市,桓仁满族自治县
辽宁省,丹东市,元宝区
辽宁省,丹东市,振兴区
辽宁省,丹东市,振安区
辽宁省,丹东市,宽甸满族自治县
辽宁省,丹东市,东港市
辽宁省,丹东市,凤城市
辽宁省,锦州市,古塔区
辽宁省,锦州市,凌河区
辽宁省,锦州市,太和区
辽宁省,锦州市,黑山县
辽宁省,锦州市,义县
辽宁省,锦州市,凌海市
辽宁省,锦州市,北宁市
辽宁省,营口市,站前区
辽宁省,营口市,西市区
辽宁省,营口市,鲅鱼圈区
辽宁省,营口市,老边区
辽宁省,营口市,盖州市
辽宁省,营口市,大石桥市
辽宁省,阜新市,海州区
辽宁省,阜新市,新邱区
辽宁省,阜新市,太平区
辽宁省,阜新市,清河门区
辽宁省,阜新市,细河区
辽宁省,阜新市,阜新蒙古族自治县
辽宁省,阜新市,彰武县
辽宁省,辽阳市,白塔区
辽宁省,辽阳市,文圣区
辽宁省,辽阳市,宏伟区
辽宁省,辽阳市,弓长岭区
辽宁省,辽阳市,太子河区
辽宁省,辽阳市,辽阳县
辽宁省,辽阳市,灯塔市
辽宁省,盘锦市,双台子区
辽宁省,盘锦市,兴隆台区
辽宁省,盘锦市,大洼县
辽宁省,盘锦市,盘山县
辽宁省,铁岭市,银州区
辽宁省,铁岭市,清河区
辽宁省,铁岭市,铁岭县
辽宁省,铁岭市,西丰县
辽宁省,铁岭市,昌图县
辽宁省,铁岭市,铁法市
辽宁省,铁岭市,开原市
辽宁省,朝阳市,双塔区
辽宁省,朝阳市,龙城区
辽宁省,朝阳市,朝阳县
辽宁省,朝阳市,建平县
辽宁省,朝阳市,喀喇沁左翼蒙古族自治县
辽宁省,朝阳市,北票市
辽宁省,朝阳市,凌源市
辽宁省,葫芦岛市,连山区
辽宁省,葫芦岛市,龙港区
辽宁省,葫芦岛市,南票区
辽宁省,葫芦岛市,绥中县
辽宁省,葫芦岛市,建昌县
辽宁省,葫芦岛市,兴城市
吉林省,长春市,南关区
吉林省,长春市,宽城区
吉林省,长春市,朝阳区
吉林省,长春市,二道区
吉林省,长春市,绿园区
吉林省,长春市,双阳区
吉林省,长春市,农安县
吉林省,长春市,九台市
吉林省,长春市,榆树市
吉林省,长春市,德惠市
吉林省,吉林市,昌邑区
吉林省,吉林市,龙潭区
吉林省,吉林市,船营区
吉林省,吉林市,丰满区
吉林省,吉林市,永吉县
吉林省,吉林市,蛟河市
吉林省,吉林市,桦甸市
吉林省,吉林市,舒兰市
吉林省,吉林市,磐石市
吉林省,四平市,铁西区
吉林省,四平市,铁东区
吉林省,四平市,梨树县
吉林省,四平市,伊通满族自治县
吉林省,四平市,公主岭市
吉林省,四平市,双辽市
吉林省,辽源市,龙山区
吉林省,辽源市,西安区
吉林省,辽源市,东丰县
吉林省,辽源市,东辽县
吉林省,通化市,东昌区
吉林省,通化市,二道江区
吉林省,通化市,通化县
吉林省,通化市,辉南县
吉林省,通化市,柳河县
吉林省,通化市,梅河口市
吉林省,通化市,集安市
吉林省,白山市,八道江区
吉林省,白山市,抚松县
吉林省,白山市,靖宇县
吉林省,白山市,长白朝鲜族自治县
吉林省,白山市,江源县
吉林省,白山市,临江市
吉林省,松原市,宁江区
吉林省,松原市,前郭尔罗斯蒙古族自治县
吉林省,松原市,长岭县
吉林省,松原市,乾安县
吉林省,松原市,扶余县
吉林省,白城市,洮北区
吉林省,白城市,镇赉县
吉林省,白城市,通榆县
吉林省,白城市,洮南市
吉林省,白城市,大安市
吉林省,延边朝鲜族自治州,延吉市
吉林省,延边朝鲜族自治州,图们市
吉林省,延边朝鲜族自治州,敦化市
吉林省,延边朝鲜族自治州,珲春市
吉林省,延边朝鲜族自治州,龙井市
吉林省,延边朝鲜族自治州,和龙市
吉林省,延边朝鲜族自治州,汪清县
吉林省,延边朝鲜族自治州,安图县
黑龙江省,哈尔滨市,道里区
黑龙江省,哈尔滨市,南岗区
黑龙江省,哈尔滨市,道外区
黑龙江省,哈尔滨市,松北区
黑龙江省,哈尔滨市,香坊区
黑龙江省,哈尔滨市,阿成区
黑龙江省,哈尔滨市,平房区
黑龙江省,哈尔滨市,呼兰区
黑龙江省,哈尔滨市,依兰县
黑龙江省,哈尔滨市,方正县
黑龙江省,哈尔滨市,宾县
黑龙江省,哈尔滨市,巴彦县
黑龙江省,哈尔滨市,木兰县
黑龙江省,哈尔滨市,通河县
黑龙江省,哈尔滨市,延寿县
黑龙江省,哈尔滨市,双城市
黑龙江省,哈尔滨市,尚志市
黑龙江省,哈尔滨市,五常市
黑龙江省,齐齐哈尔市,龙沙区
黑龙江省,齐齐哈尔市,建华区
黑龙江省,齐齐哈尔市,铁锋区
黑龙江省,齐齐哈尔市,昂昂溪区
黑龙江省,齐齐哈尔市,富拉尔基区
黑龙江省,齐齐哈尔市,碾子山区
黑龙江省,齐齐哈尔市,梅里斯达斡尔族区
黑龙江省,齐齐哈尔市,龙江县
黑龙江省,齐齐哈尔市,依安县
黑龙江省,齐齐哈尔市,泰来县
黑龙江省,齐齐哈尔市,甘南县
黑龙江省,齐齐哈尔市,富裕县
黑龙江省,齐齐哈尔市,克山县
黑龙江省,齐齐哈尔市,克东县
黑龙江省,齐齐哈尔市,拜泉县
黑龙江省,齐齐哈尔市,讷河市
黑龙江省,鸡西市,鸡冠区
黑龙江省,鸡西市,恒山区
黑龙江省,鸡西市,滴道区
黑龙江省,鸡西市,梨树区
黑龙江省,鸡西市,城子河区
黑龙江省,鸡西市,麻山区
黑龙江省,鸡西市,鸡东县
黑龙江省,鸡西市,虎林市
黑龙江省,鸡西市,密山市
黑龙江省,鹤岗市,向阳区
黑龙江省,鹤岗市,工农区
黑龙江省,鹤岗市,南山区
黑龙江省,鹤岗市,兴安区
黑龙江省,鹤岗市,东山区
黑龙江省,鹤岗市,兴山区
黑龙江省,鹤岗市,萝北县
黑龙江省,鹤岗市,绥滨县
黑龙江省,双鸭山市,尖山区
黑龙江省,双鸭山市,岭东区
黑龙江省,双鸭山市,四方台区
黑龙江省,双鸭山市,宝山区
黑龙江省,双鸭山市,集贤县
黑龙江省,双鸭山市,友谊县
黑龙江省,双鸭山市,宝清县
黑龙江省,双鸭山市,饶河县
黑龙江省,大庆市,萨尔图区
黑龙江省,大庆市,龙凤区
黑龙江省,大庆市,让胡路区
黑龙江省,大庆市,红岗区
黑龙江省,大庆市,大同区
黑龙江省,大庆市,肇州县
黑龙江省,大庆市,肇源县
黑龙江省,大庆市,林甸县
黑龙江省,大庆市,杜尔伯特蒙古族自治县
黑龙江省,伊春市,伊春区
黑龙江省,伊春市,南岔区
黑龙江省,伊春市,友好区
黑龙江省,伊春市,西林区
黑龙江省,伊春市,翠峦区
黑龙江省,伊春市,新青区
黑龙江省,伊春市,美溪区
黑龙江省,伊春市,金山屯区
黑龙江省,伊春市,五营区
黑龙江省,伊春市,乌马河区
黑龙江省,伊春市,汤旺河区
黑龙江省,伊春市,带岭区
黑龙江省,伊春市,乌伊岭区
黑龙江省,伊春市,红星区
黑龙江省,伊春市,上甘岭区
黑龙江省,伊春市,嘉荫县
黑龙江省,伊春市,铁力市
黑龙江省,伊春市,向阳区
黑龙江省,伊春市,前进区
黑龙江省,伊春市,东风区
黑龙江省,伊春市,郊区
黑龙江省,伊春市,桦南县
黑龙江省,伊春市,桦川县
黑龙江省,伊春市,汤原县
黑龙江省,伊春市,抚远县
黑龙江省,伊春市,同江市
黑龙江省,伊春市,富锦市
黑龙江省,七台河市,新兴区
黑龙江省,七台河市,桃山区
黑龙江省,七台河市,茄子河区
黑龙江省,七台河市,勃利县
黑龙江省,牡丹江市,东安区
黑龙江省,牡丹江市,阳明区
黑龙江省,牡丹江市,爱民区
黑龙江省,牡丹江市,西安区
黑龙江省,牡丹江市,东宁县
黑龙江省,牡丹江市,林口县
黑龙江省,牡丹江市,绥芬河市
黑龙江省,牡丹江市,海林市
黑龙江省,牡丹江市,宁安市
黑龙江省,牡丹江市,穆棱市
黑龙江省,黑河市,爱辉区
黑龙江省,黑河市,嫩江县
黑龙江省,黑河市,逊克县
黑龙江省,黑河市,孙吴县
黑龙江省,黑河市,北安市
黑龙江省,黑河市,五大连池市
黑龙江省,绥化市,绥化市
黑龙江省,绥化市,安达市
黑龙江省,绥化市,肇东市
黑龙江省,绥化市,海伦市
黑龙江省,绥化市,望奎县
黑龙江省,绥化市,兰西县
黑龙江省,绥化市,青冈县
黑龙江省,绥化市,庆安县
黑龙江省,绥化市,明水县
黑龙江省,绥化市,绥棱县
黑龙江省,大兴安岭地区,呼玛县
黑龙江省,大兴安岭地区,塔河县
黑龙江省,大兴安岭地区,漠河县
上海市,上海市,浦东新区
上海市,上海市,徐汇区
上海市,上海市,黄浦区
上海市,上海市,杨浦区
上海市,上海市,虹口区
上海市,上海市,闵行区
上海市,上海市,长宁区
上海市,上海市,普陀区
上海市,上海市,宝山区
上海市,上海市,静安区
上海市,上海市,闸北区
上海市,上海市,卢湾区
上海市,上海市,松江区
上海市,上海市,嘉定区
上海市,上海市,南汇区
上海市,上海市,金山区
上海市,上海市,青浦区
上海市,上海市,奉贤区
上海市,上海市,崇明县
江苏省,南京市,玄武区
江苏省,南京市,白下区
江苏省,南京市,秦淮区
江苏省,南京市,建邺区
江苏省,南京市,鼓楼区
江苏省,南京市,下关区
江苏省,南京市,浦口区
江苏省,南京市,栖霞区
江苏省,南京市,雨花台区
江苏省,南京市,江宁区
江苏省,南京市,六合区
江苏省,南京市,溧水县
江苏省,南京市,高淳县
江苏省,无锡市,崇安区
江苏省,无锡市,南长区
江苏省,无锡市,北塘区
江苏省,无锡市,郊区
江苏省,无锡市,马山区
江苏省,无锡市,江阴市
江苏省,无锡市,宜兴市
江苏省,无锡市,锡山市
江苏省,徐州市,鼓楼区
江苏省,徐州市,云龙区
江苏省,徐州市,九里区
江苏省,徐州市,贾汪区
江苏省,徐州市,泉山区
江苏省,徐州市,丰县
江苏省,徐州市,沛县
江苏省,徐州市,铜山县
江苏省,徐州市,睢宁县
江苏省,徐州市,新沂市
江苏省,徐州市,邳州市
江苏省,常州市,天宁区
江苏省,常州市,钟楼区
江苏省,常州市,戚墅堰区
江苏省,常州市,郊区
江苏省,常州市,溧阳市
江苏省,常州市,金坛市
江苏省,常州市,武进市
江苏省,苏州市,沧浪区
江苏省,苏州市,平江区
江苏省,苏州市,金阊区
江苏省,苏州市,郊区
江苏省,苏州市,常熟市
江苏省,苏州市,张家港市
江苏省,苏州市,昆山市
江苏省,苏州市,吴江市
江苏省,苏州市,太仓市
江苏省,苏州市,吴县市
江苏省,南通市,崇川区
江苏省,南通市,港闸区
江苏省,南通市,海安县
江苏省,南通市,如东县
江苏省,南通市,启东市
江苏省,南通市,如皋市
江苏省,南通市,通州市
江苏省,南通市,海门市
江苏省,连云港市,连云区
江苏省,连云港市,云台区
江苏省,连云港市,新浦区
江苏省,连云港市,海州区
江苏省,连云港市,赣榆县
江苏省,连云港市,东海县
江苏省,连云港市,灌云县
江苏省,连云港市,灌南县
江苏省,淮安市,清河区
江苏省,淮安市,清浦区
江苏省,淮安市,淮阴县
江苏省,淮安市,涟水县
江苏省,淮安市,洪泽县
江苏省,淮安市,盱眙县
江苏省,淮安市,金湖县
江苏省,淮安市,淮安市
江苏省,淮阴市,清河区
江苏省,淮阴市,清浦区
江苏省,淮阴市,淮阴县
江苏省,淮阴市,涟水县
江苏省,淮阴市,洪泽县
江苏省,淮阴市,盱眙县
江苏省,淮阴市,金湖县
江苏省,淮阴市,淮安市
江苏省,盐城市,城区
江苏省,盐城市,响水县
江苏省,盐城市,滨海县
江苏省,盐城市,阜宁县
江苏省,盐城市,射阳县
江苏省,盐城市,建湖县
江苏省,盐城市,盐都县
江苏省,盐城市,东台市
江苏省,盐城市,大丰市
江苏省,扬州市,广陵区
江苏省,扬州市,郊区
江苏省,扬州市,宝应县
江苏省,扬州市,邗江县
江苏省,扬州市,仪征市
江苏省,扬州市,高邮市
江苏省,扬州市,江都市
江苏省,镇江市,京口区
江苏省,镇江市,润州区
江苏省,镇江市,丹徒县
江苏省,镇江市,丹阳市
江苏省,镇江市,扬中市
江苏省,镇江市,句容市
江苏省,泰州市,海陵区
江苏省,泰州市,高港区
江苏省,泰州市,兴化市
江苏省,泰州市,靖江市
江苏省,泰州市,泰兴市
江苏省,泰州市,姜堰市
江苏省,宿迁市,宿城区
江苏省,宿迁市,宿豫县
江苏省,宿迁市,沭阳县
江苏省,宿迁市,泗阳县
江苏省,宿迁市,泗洪县
浙江省,杭州市,上城区
浙江省,杭州市,下城区
浙江省,杭州市,江干区
浙江省,杭州市,拱墅区
浙江省,杭州市,西湖区
浙江省,杭州市,滨江区
浙江省,杭州市,桐庐县
浙江省,杭州市,淳安县
浙江省,杭州市,萧山市
浙江省,杭州市,建德市
浙江省,杭州市,富阳市
浙江省,杭州市,余杭市
浙江省,杭州市,临安市
浙江省,宁波市,海曙区
浙江省,宁波市,江东区
浙江省,宁波市,江北区
浙江省,宁波市,北仑区
浙江省,宁波市,镇海区
浙江省,宁波市,象山县
浙江省,宁波市,宁海县
浙江省,宁波市,鄞县
浙江省,宁波市,余姚市
浙江省,宁波市,慈溪市
浙江省,宁波市,奉化市
浙江省,温州市,鹿城区
浙江省,温州市,龙湾区
浙江省,温州市,瓯海区
浙江省,温州市,洞头县
浙江省,温州市,永嘉县
浙江省,温州市,平阳县
浙江省,温州市,苍南县
浙江省,温州市,文成县
浙江省,温州市,泰顺县
浙江省,温州市,瑞安市
浙江省,温州市,乐清市
浙江省,嘉兴市,秀城区
浙江省,嘉兴市,郊区
浙江省,嘉兴市,嘉善县
浙江省,嘉兴市,海盐县
浙江省,嘉兴市,海宁市
浙江省,嘉兴市,平湖市
浙江省,嘉兴市,桐乡市
浙江省,湖州市,吴兴区
浙江省,湖州市,南浔区
浙江省,湖州市,德清县
浙江省,湖州市,长兴县
浙江省,湖州市,安吉县
浙江省,绍兴市,越城区
浙江省,绍兴市,绍兴县
浙江省,绍兴市,新昌县
浙江省,绍兴市,诸暨市
浙江省,绍兴市,上虞市
浙江省,绍兴市,嵊州市
浙江省,金华市,婺城区
浙江省,金华市,金华县
浙江省,金华市,武义县
浙江省,金华市,浦江县
浙江省,金华市,磐安县
浙江省,金华市,兰溪市
浙江省,金华市,义乌市
浙江省,金华市,东阳市
浙江省,金华市,永康市
浙江省,衢州市,柯城区
浙江省,衢州市,衢县
浙江省,衢州市,常山县
浙江省,衢州市,开化县
浙江省,衢州市,龙游县
浙江省,衢州市,江山市
浙江省,舟山市,定海区
浙江省,舟山市,普陀区
浙江省,舟山市,岱山县
浙江省,舟山市,嵊泗县
浙江省,台州市,椒江区
浙江省,台州市,黄岩区
浙江省,台州市,路桥区
浙江省,台州市,玉环县
浙江省,台州市,三门县
浙江省,台州市,天台县
浙江省,台州市,仙居县
浙江省,台州市,温岭市
浙江省,台州市,临海市
浙江省,丽水市,丽水市
浙江省,丽水市,龙泉市
浙江省,丽水市,青田县
浙江省,丽水市,云和县
浙江省,丽水市,庆元县
浙江省,丽水市,缙云县
浙江省,丽水市,遂昌县
浙江省,丽水市,松阳县
浙江省,丽水市,景宁畲族自治县
安徽省,合肥市,东市区
安徽省,合肥市,中市区
安徽省,合肥市,西市区
安徽省,合肥市,郊区
安徽省,合肥市,长丰县
安徽省,合肥市,肥东县
安徽省,合肥市,肥西县
安徽省,芜湖市,镜湖区
安徽省,芜湖市,马塘区
安徽省,芜湖市,新芜区
安徽省,芜湖市,鸠江区
安徽省,芜湖市,芜湖县
安徽省,芜湖市,繁昌县
安徽省,芜湖市,南陵县
安徽省,蚌埠市,东市区
安徽省,蚌埠市,中市区
安徽省,蚌埠市,西市区
安徽省,蚌埠市,郊区
安徽省,蚌埠市,怀远县
安徽省,蚌埠市,五河县
安徽省,蚌埠市,固镇县
安徽省,淮南市,大通区
安徽省,淮南市,田家庵区
安徽省,淮南市,谢家集区
安徽省,淮南市,八公山区
安徽省,淮南市,潘集区
安徽省,淮南市,凤台县
安徽省,马鞍山市,金家庄区
安徽省,马鞍山市,花山区
安徽省,马鞍山市,雨山区
安徽省,马鞍山市,当涂县
安徽省,淮北市,杜集区
安徽省,淮北市,相山区
安徽省,淮北市,烈山区
安徽省,淮北市,濉溪县
安徽省,铜陵市,铜官山区
安徽省,铜陵市,狮子山区
安徽省,铜陵市,郊区
安徽省,铜陵市,铜陵县
安徽省,安庆市,迎江区
安徽省,安庆市,大观区
安徽省,安庆市,郊区
安徽省,安庆市,怀宁县
安徽省,安庆市,枞阳县
安徽省,安庆市,潜山县
安徽省,安庆市,太湖县
安徽省,安庆市,宿松县
安徽省,安庆市,望江县
安徽省,安庆市,岳西县
安徽省,安庆市,桐城市
安徽省,黄山市,屯溪区
安徽省,黄山市,黄山区
安徽省,黄山市,徽州区
安徽省,黄山市,歙县
安徽省,黄山市,休宁县
安徽省,黄山市,黟县
安徽省,黄山市,祁门县
安徽省,滁州市,琅琊区
安徽省,滁州市,南谯区
安徽省,滁州市,来安县
安徽省,滁州市,全椒县
安徽省,滁州市,定远县
安徽省,滁州市,凤阳县
安徽省,滁州市,天长市
安徽省,滁州市,明光市
安徽省,阜阳市,颍州区
安徽省,阜阳市,颍东区
安徽省,阜阳市,颍泉区
安徽省,阜阳市,临泉县
安徽省,阜阳市,太和县
安徽省,阜阳市,阜南县
安徽省,阜阳市,颍上县
安徽省,阜阳市,界首市
安徽省,宿州市, 墉桥区
安徽省,宿州市,砀山县
安徽省,宿州市,萧县
安徽省,宿州市,灵璧县
安徽省,宿州市,泗县
安徽省,六安市,金安区
安徽省,六安市,裕安区
安徽省,六安市,寿县
安徽省,六安市,霍邱县
安徽省,六安市,舒城县
安徽省,六安市,金寨县
安徽省,六安市,霍山县
安徽省,宣城市,宣州区
安徽省,宣城市,宁国市
安徽省,宣城市,郎溪县
安徽省,宣城市,广德县
安徽省,宣城市,泾县
安徽省,宣城市,旌德县
安徽省,宣城市,绩溪县
安徽省,巢湖市,巢湖区
安徽省,巢湖市,庐江县
安徽省,巢湖市,无为县
安徽省,巢湖市,含山县
安徽省,巢湖市,和县
安徽省,池州市,贵池区
安徽省,池州市,东至县
安徽省,池州市,石台县
安徽省,池州市,青阳县
福建省,福州市,鼓楼区
福建省,福州市,台江区
福建省,福州市,仓山区
福建省,福州市,马尾区
福建省,福州市,晋安区
福建省,福州市,闽侯县
福建省,福州市,连江县
福建省,福州市,罗源县
福建省,福州市,闽清县
福建省,福州市,永泰县
福建省,福州市,平潭县
福建省,福州市,福清市
福建省,福州市,长乐市
福建省,厦门市,思明区?
福建省,厦门市,海沧区
福建省,厦门市,湖里区
福建省,厦门市,集美区
福建省,厦门市,同安区
福建省,厦门市,翔安区
福建省,宁德市,蕉城区
福建省,宁德市,霞浦县
福建省,宁德市,古田县
福建省,宁德市,屏南县
福建省,宁德市,寿宁县
福建省,宁德市,周宁县
福建省,宁德市,柘荣县
福建省,宁德市,福安市
福建省,宁德市,福鼎市
福建省,莆田市,城厢区
福建省,莆田市,涵江区
福建省,莆田市,荔城区
福建省,莆田市,秀屿区
福建省,莆田市,仙游县
福建省,泉州市,鲤城区
福建省,泉州市,丰泽区
福建省,泉州市,洛江区
福建省,泉州市,泉港区
福建省,泉州市,惠安县
福建省,泉州市,安溪县
福建省,泉州市,永春县
福建省,泉州市,德化县
福建省,泉州市,金门县
福建省,泉州市,石狮市
福建省,泉州市,晋江市
福建省,泉州市,南安市
福建省,漳州市,芗城区
福建省,漳州市,龙文区
福建省,漳州市,云霄县
福建省,漳州市,漳浦县
福建省,漳州市,诏安县
福建省,漳州市,长泰县
福建省,漳州市,东山县
福建省,漳州市,南靖县
福建省,漳州市,平和县
福建省,漳州市,华安县
福建省,漳州市,龙海市
福建省,龙岩,新罗区
福建省,龙岩,长汀县
福建省,龙岩,永定县
福建省,龙岩,上杭县
福建省,龙岩,武平县
福建省,龙岩,连城县
福建省,龙岩,漳平市
福建省,三明市,梅列区
福建省,三明市,三元区
福建省,三明市,明溪县
福建省,三明市,清流县
福建省,三明市,宁化县
福建省,三明市,大田县
福建省,三明市,尤溪县
福建省,三明市,沙　县
福建省,三明市,将乐县
福建省,三明市,泰宁县
福建省,三明市,建宁县
福建省,三明市,永安市
福建省,南平市,延平区
福建省,南平市,顺昌县
福建省,南平市,浦城县
福建省,南平市,光泽县
福建省,南平市,松溪县
福建省,南平市,政和县
福建省,南平市,邵武市
福建省,南平市,武夷山市
福建省,南平市,建瓯市
福建省,南平市,建阳市
江西省,南昌市,东湖区
江西省,南昌市,西湖区
江西省,南昌市,青云谱区
江西省,南昌市,湾里区
江西省,南昌市,郊区
江西省,南昌市,南昌县
江西省,南昌市,新建县
江西省,南昌市,安义县
江西省,南昌市,进贤县
江西省,景德镇市,昌江区
江西省,景德镇市,珠山区
江西省,景德镇市,浮梁县
江西省,景德镇市,乐平市
江西省,萍乡市,安源区
江西省,萍乡市,湘东区
江西省,萍乡市,莲花县
江西省,萍乡市,上栗县
江西省,萍乡市,芦溪县
江西省,九江市,庐山区
江西省,九江市,浔阳区
江西省,九江市,九江县
江西省,九江市,武宁县
江西省,九江市,修水县
江西省,九江市,永修县
江西省,九江市,德安县
江西省,九江市,星子县
江西省,九江市,都昌县
江西省,九江市,湖口县
江西省,九江市,彭泽县
江西省,九江市,瑞昌市
江西省,新余市,渝水区
江西省,新余市,分宜县
江西省,鹰潭市,月湖区
江西省,鹰潭市,余江县
江西省,鹰潭市,贵溪市
江西省,赣州市,章贡区
江西省,赣州市,赣县
江西省,赣州市,信丰县
江西省,赣州市,大余县
江西省,赣州市,上犹县
江西省,赣州市,崇义县
江西省,赣州市,安远县
江西省,赣州市,龙南县
江西省,赣州市,定南县
江西省,赣州市,全南县
江西省,赣州市,宁都县
江西省,赣州市,于都县
江西省,赣州市,兴国县
江西省,赣州市,会昌县
江西省,赣州市,寻乌县
江西省,赣州市,石城县
江西省,赣州市,瑞金市
江西省,赣州市,南康市
江西省,宜春市,宜春市
江西省,宜春市,丰城市
江西省,宜春市,樟树市
江西省,宜春市,高安市
江西省,宜春市,奉新县
江西省,宜春市,万载县
江西省,宜春市,上高县
江西省,宜春市,宜丰县
江西省,宜春市,靖安县
江西省,宜春市,铜鼓县
江西省,上饶市,上饶市
江西省,上饶市,德兴市
江西省,上饶市,上饶县
江西省,上饶市,广丰县
江西省,上饶市,玉山县
江西省,上饶市,铅山县
江西省,上饶市,横峰县
江西省,上饶市,弋阳县
江西省,上饶市,余干县
江西省,上饶市,波阳县
江西省,上饶市,万年县
江西省,上饶市,婺源县
江西省,吉安市,吉安市
江西省,吉安市,井冈山市
江西省,吉安市,吉安县
江西省,吉安市,吉水县
江西省,吉安市,峡江县
江西省,吉安市,新干县
江西省,吉安市,永丰县
江西省,吉安市,泰和县
江西省,吉安市,遂川县
江西省,吉安市,万安县
江西省,吉安市,安福县
江西省,吉安市,永新县
江西省,吉安市,宁冈县
江西省,抚州市,临川市
江西省,抚州市,南城县
江西省,抚州市,黎川县
江西省,抚州市,南丰县
江西省,抚州市,崇仁县
江西省,抚州市,乐安县
江西省,抚州市,宜黄县
江西省,抚州市,金溪县
江西省,抚州市,资溪县
江西省,抚州市,东乡县
江西省,抚州市,广昌县
山东省,济南市,历下区
山东省,济南市,市中区
山东省,济南市,槐荫区
山东省,济南市,天桥区
山东省,济南市,历城区
山东省,济南市,长清县
山东省,济南市,平阴县
山东省,济南市,济阳县
山东省,济南市,商河县
山东省,济南市,章丘市
山东省,青岛市,市南区
山东省,青岛市,市北区
山东省,青岛市,四方区
山东省,青岛市,黄岛区
山东省,青岛市,崂山区
山东省,青岛市,李沧区
山东省,青岛市,城阳区
山东省,青岛市,胶州市
山东省,青岛市,即墨市
山东省,青岛市,平度市
山东省,青岛市,胶南市
山东省,青岛市,莱西市
山东省,淄博市,淄川区
山东省,淄博市,张店区
山东省,淄博市,博山区
山东省,淄博市,临淄区
山东省,淄博市,周村区
山东省,淄博市,桓台县
山东省,淄博市,高青县
山东省,淄博市,沂源县
山东省,枣庄市,市中区
山东省,枣庄市,薛城区
山东省,枣庄市,峄城区
山东省,枣庄市,台儿庄区
山东省,枣庄市,山亭区
山东省,枣庄市,滕州市
山东省,东营市,东营区
山东省,东营市,河口区
山东省,东营市,垦利县
山东省,东营市,利津县
山东省,东营市,广饶县
山东省,烟台市,芝罘区
山东省,烟台市,福山区
山东省,烟台市,牟平区
山东省,烟台市,莱山区
山东省,烟台市,长岛县
山东省,烟台市,龙口市
山东省,烟台市,莱阳市
山东省,烟台市,莱州市
山东省,烟台市,蓬莱市
山东省,烟台市,招远市
山东省,烟台市,栖霞市
山东省,烟台市,海阳市
山东省,潍坊市,潍城区
山东省,潍坊市,寒亭区
山东省,潍坊市,坊子区
山东省,潍坊市,奎文区
山东省,潍坊市,临朐县
山东省,潍坊市,昌乐县
山东省,潍坊市,青州市
山东省,潍坊市,诸城市
山东省,潍坊市,寿光市
山东省,潍坊市,安丘市
山东省,潍坊市,高密市
山东省,潍坊市,昌邑市
山东省,济宁市,市中区
山东省,济宁市,任城区
山东省,济宁市,微山县
山东省,济宁市,鱼台县
山东省,济宁市,金乡县
山东省,济宁市,嘉祥县
山东省,济宁市,汶上县
山东省,济宁市,泗水县
山东省,济宁市,梁山县
山东省,济宁市,曲阜市
山东省,济宁市,兖州市
山东省,济宁市,邹城市
山东省,泰安市,泰山区
山东省,泰安市,郊区
山东省,泰安市,宁阳县
山东省,泰安市,东平县
山东省,泰安市,新泰市
山东省,泰安市,肥城市
山东省,威海市,环翠区
山东省,威海市,文登市
山东省,威海市,荣成市
山东省,威海市,乳山市
山东省,日照市,东港区
山东省,日照市,岚山区
山东省,日照市,五莲县
山东省,日照市,莒县
山东省,莱芜市,莱城区
山东省,莱芜市,钢城区
山东省,临沂市,兰山区
山东省,临沂市,罗庄区
山东省,临沂市,河东区
山东省,临沂市,沂南县
山东省,临沂市,郯城县
山东省,临沂市,沂水县
山东省,临沂市,苍山县
山东省,临沂市,费县
山东省,临沂市,平邑县
山东省,临沂市,莒南县
山东省,临沂市,蒙阴县
山东省,临沂市,临沭县
山东省,德州市,德城区
山东省,德州市,陵县
山东省,德州市,宁津县
山东省,德州市,庆云县
山东省,德州市,临邑县
山东省,德州市,齐河县
山东省,德州市,平原县
山东省,德州市,夏津县
山东省,德州市,武城县
山东省,德州市,乐陵市
山东省,德州市,禹城市
山东省,聊城市,东昌府区
山东省,聊城市,阳谷县
山东省,聊城市,莘县
山东省,聊城市,茌平县
山东省,聊城市,东阿县
山东省,聊城市,冠县
山东省,聊城市,高唐县
山东省,聊城市,临清市
山东省,滨州地区,滨州市
山东省,滨州地区,惠民县
山东省,滨州地区,阳信县
山东省,滨州地区,无棣县
山东省,滨州地区,沾化县
山东省,滨州地区,博兴县
山东省,滨州地区,邹平县
山东省,菏泽地区,菏泽市
山东省,菏泽地区,曹县
山东省,菏泽地区,定陶县
山东省,菏泽地区,成武县
山东省,菏泽地区,单县
山东省,菏泽地区,巨野县
山东省,菏泽地区,郓城县
山东省,菏泽地区,鄄城县
山东省,菏泽地区,东明县
河南省,郑州市,中原区
河南省,郑州市,二七区
河南省,郑州市,管城回族区
河南省,郑州市,金水区
河南省,郑州市,上街区
河南省,郑州市,邙山区
河南省,郑州市,中牟县
河南省,郑州市,巩义市
河南省,郑州市,荥阳市
河南省,郑州市,新密市
河南省,郑州市,新郑市
河南省,郑州市,登封市
河南省,开封市,龙亭区
河南省,开封市,顺河回族区
河南省,开封市,鼓楼区
河南省,开封市,南关区
河南省,开封市,郊区
河南省,开封市,杞县
河南省,开封市,通许县
河南省,开封市,尉氏县
河南省,开封市,开封县
河南省,开封市,兰考县
河南省,洛阳市,老城区
河南省,洛阳市,西工区
河南省,洛阳市,廛河回族区
河南省,洛阳市,涧西区
河南省,洛阳市,吉利区
河南省,洛阳市,郊区
河南省,洛阳市,孟津县
河南省,洛阳市,新安县
河南省,洛阳市,栾川县
河南省,洛阳市,嵩县
河南省,洛阳市,汝阳县
河南省,洛阳市,宜阳县
河南省,洛阳市,洛宁县
河南省,洛阳市,伊川县
河南省,洛阳市,偃师市
河南省,平顶山市,新华区
河南省,平顶山市,卫东区
河南省,平顶山市,石龙区
河南省,平顶山市,湛河区
河南省,平顶山市,宝丰县
河南省,平顶山市,叶县
河南省,平顶山市,鲁山县
河南省,平顶山市,郏县
河南省,平顶山市,舞钢市
河南省,平顶山市,汝州市
河南省,安阳市,文峰区
河南省,安阳市,北关区
河南省,安阳市,铁西区
河南省,安阳市,郊区
河南省,安阳市,安阳县
河南省,安阳市,汤阴县
河南省,安阳市,滑县
河南省,安阳市,内黄县
河南省,安阳市,林州市
河南省,鹤壁市,鹤山区
河南省,鹤壁市,山城区
河南省,鹤壁市,郊区
河南省,鹤壁市,浚县
河南省,鹤壁市,淇县
河南省,新乡市,红旗区
河南省,新乡市,新华区
河南省,新乡市,北站区
河南省,新乡市,郊区
河南省,新乡市,新乡县
河南省,新乡市,获嘉县
河南省,新乡市,原阳县
河南省,新乡市,延津县
河南省,新乡市,封丘县
河南省,新乡市,长垣县
河南省,新乡市,卫辉市
河南省,新乡市,辉县市
河南省,焦作市,解放区
河南省,焦作市,中站区
河南省,焦作市,马村区
河南省,焦作市,山阳区
河南省,焦作市,修武县
河南省,焦作市,博爱县
河南省,焦作市,武陟县
河南省,焦作市,温县
河南省,焦作市,沁阳市
河南省,焦作市,孟州市
河南省,濮阳市,华龙区
河南省,濮阳市,清丰县
河南省,濮阳市,南乐县
河南省,濮阳市,范县
河南省,濮阳市,台前县
河南省,濮阳市,濮阳县
河南省,许昌市,魏都区
河南省,许昌市,许昌县
河南省,许昌市,鄢陵县
河南省,许昌市,襄城县
河南省,许昌市,禹州市
河南省,许昌市,长葛市
河南省,漯河市,源汇区
河南省,漯河市,郾城区
河南省,漯河市,召陵区
河南省,漯河市,舞阳县
河南省,漯河市,临颍县
河南省,三门峡市,湖滨区
河南省,三门峡市,渑池县
河南省,三门峡市,陕县
河南省,三门峡市,卢氏县
河南省,三门峡市,义马市
河南省,三门峡市,灵宝市
河南省,南阳市,宛城区
河南省,南阳市,卧龙区
河南省,南阳市,南召县
河南省,南阳市,方城县
河南省,南阳市,西峡县
河南省,南阳市,镇平县
河南省,南阳市,内乡县
河南省,南阳市,淅川县
河南省,南阳市,社旗县
河南省,南阳市,唐河县
河南省,南阳市,新野县
河南省,南阳市,桐柏县
河南省,南阳市,邓州市
河南省,商丘市,梁园区
河南省,商丘市,睢阳区
河南省,商丘市,民权县
河南省,商丘市,睢县
河南省,商丘市,宁陵县
河南省,商丘市,柘城县
河南省,商丘市,虞城县
河南省,商丘市,夏邑县
河南省,商丘市,永城市
河南省,信阳市,负忧
河南省,信阳市,平桥区
河南省,信阳市,罗山县
河南省,信阳市,光山县
河南省,信阳市,新县
河南省,信阳市,商城县
河南省,信阳市,固始县
河南省,信阳市,潢川县
河南省,信阳市,淮滨县
河南省,信阳市,息县
河南省,周口市,周口市
河南省,周口市,项城市
河南省,周口市,扶沟县
河南省,周口市,西华县
河南省,周口市,商水县
河南省,周口市,太康县
河南省,周口市,鹿邑县
河南省,周口市,郸城县
河南省,周口市,淮阳县
河南省,周口市,沈丘县
河南省,驻马店地区,驻马店市
河南省,驻马店地区,确山县
河南省,驻马店地区,泌阳县
河南省,驻马店地区,遂平县
河南省,驻马店地区,西平县
河南省,驻马店地区,上蔡县
河南省,驻马店地区,汝南县
河南省,驻马店地区,平舆县
河南省,驻马店地区,新蔡县
河南省,驻马店地区,正阳县
河南省,省直辖行政单位,济源市
湖北省,武汉市,江岸区
湖北省,武汉市,江汉区
湖北省,武汉市,乔口区
湖北省,武汉市,汉阳区
湖北省,武汉市,武昌区
湖北省,武汉市,青山区
湖北省,武汉市,洪山区
湖北省,武汉市,东西湖区
湖北省,武汉市,汉南区
湖北省,武汉市,蔡甸区
湖北省,武汉市,江夏区
湖北省,武汉市,黄陂区
湖北省,武汉市,新洲区
湖北省,黄石市,黄石港区
湖北省,黄石市,石灰窑区
湖北省,黄石市,下陆区
湖北省,黄石市,铁山区
湖北省,黄石市,阳新县
湖北省,黄石市,大冶市
湖北省,十堰市,茅箭区
湖北省,十堰市,张湾区
湖北省,十堰市,郧县
湖北省,十堰市,郧西县
湖北省,十堰市,竹山县
湖北省,十堰市,竹溪县
湖北省,十堰市,房县
湖北省,十堰市,丹江口市
湖北省,宜昌市,西陵区
湖北省,宜昌市,伍家岗区
湖北省,宜昌市,点军区
湖北省,宜昌市,虎亭区
湖北省,宜昌市,宜昌县
湖北省,宜昌市,远安县
湖北省,宜昌市,兴山县
湖北省,宜昌市,秭归县
湖北省,宜昌市,长阳土家族自治县
湖北省,宜昌市,五峰土家族自治县
湖北省,宜昌市,宜都市
湖北省,宜昌市,当阳市
湖北省,宜昌市,枝江市
湖北省,襄樊市,襄城区
湖北省,襄樊市,樊城区
湖北省,襄阳市,襄阳县
湖北省,襄樊市,南漳县
湖北省,襄樊市,谷城县
湖北省,襄樊市,保康县
湖北省,襄樊市,老河口市
湖北省,襄樊市,枣阳市
湖北省,襄樊市,宜城市
湖北省,鄂州市,梁子湖区
湖北省,鄂州市,华容区
湖北省,鄂州市,鄂城区
湖北省,荆门市,东宝区
湖北省,荆门市,掇刀区
湖北省,荆门市,京山县
湖北省,荆门市,沙洋县
湖北省,荆门市,钟祥市
湖北省,孝感市,孝南区
湖北省,孝感市,孝昌县
湖北省,孝感市,大悟县
湖北省,孝感市,云梦县
湖北省,孝感市,应城市
湖北省,孝感市,安陆市
湖北省,孝感市,汉川市
湖北省,荆州市,沙市区
湖北省,荆州市,荆州区
湖北省,荆州市,公安县
湖北省,荆州市,监利县
湖北省,荆州市,江陵县
湖北省,荆州市,石首市
湖北省,荆州市,洪湖市
湖北省,荆州市,松滋市
湖北省,黄冈市,黄州区
湖北省,黄冈市,团风县
湖北省,黄冈市,红安县
湖北省,黄冈市,罗田县
湖北省,黄冈市,英山县
湖北省,黄冈市,浠水县
湖北省,黄冈市,蕲春县
湖北省,黄冈市,黄梅县
湖北省,黄冈市,麻城市
湖北省,黄冈市,武穴市
湖北省,咸宁市, 咸安区
湖北省,咸宁市,嘉鱼县
湖北省,咸宁市,通城县
湖北省,咸宁市,崇阳县
湖北省,咸宁市,通山县
湖北省,咸宁市,赤壁市
湖北省,随州市,曾都区
湖北省,随州市,随县
湖北省,随州市,广水市
湖北省,恩施土家族苗族自治州,恩施市
湖北省,恩施土家族苗族自治州,利川市
湖北省,恩施土家族苗族自治州,建始县
湖北省,恩施土家族苗族自治州,巴东县
湖北省,恩施土家族苗族自治州,宣恩县
湖北省,恩施土家族苗族自治州,咸丰县
湖北省,恩施土家族苗族自治州,来凤县
湖北省,恩施土家族苗族自治州,鹤峰县
湖北省,省直辖行政单位,仙桃市
湖北省,省直辖行政单位,潜江市
湖北省,省直辖行政单位,天门市
湖北省,省直辖行政单位,神农架林区
湖南省,长沙市,芙蓉区
湖南省,长沙市,天心区
湖南省,长沙市,岳麓区
湖南省,长沙市,开福区
湖南省,长沙市,雨花区
湖南省,长沙市,长沙县
湖南省,长沙市,望城县
湖南省,长沙市,宁乡县
湖南省,长沙市,浏阳市
湖南省,株洲市,荷塘区
湖南省,株洲市,芦淞区
湖南省,株洲市,石峰区
湖南省,株洲市,天元区
湖南省,株洲市,株洲县
湖南省,株洲市,攸县
湖南省,株洲市,茶陵县
湖南省,株洲市,炎陵县
湖南省,株洲市,醴陵市
湖南省,湘潭市,雨湖区
湖南省,湘潭市,岳塘区
湖南省,湘潭市,湘潭县
湖南省,湘潭市,湘乡市
湖南省,湘潭市,韶山市
湖南省,衡阳市,江东区
湖南省,衡阳市,城南区
湖南省,衡阳市,城北区
湖南省,衡阳市,郊 区
湖南省,衡阳市,南岳区
湖南省,衡阳市,衡阳县
湖南省,衡阳市,衡南县
湖南省,衡阳市,衡山县
湖南省,衡阳市,衡东县
湖南省,衡阳市,祁东县
湖南省,衡阳市,耒阳市
湖南省,衡阳市,常宁市
湖南省,邵阳市,双清区
湖南省,邵阳市,大祥区
湖南省,邵阳市,北塔区
湖南省,邵阳市,邵东县
湖南省,邵阳市,新邵县
湖南省,邵阳市,邵阳县
湖南省,邵阳市,隆回县
湖南省,邵阳市,洞口县
湖南省,邵阳市,绥宁县
湖南省,邵阳市,新宁县
湖南省,邵阳市,城步苗族自治县
湖南省,邵阳市,武冈市
湖南省,岳阳市,岳阳楼区
湖南省,岳阳市,云溪区
湖南省,岳阳市,君山区
湖南省,岳阳市,岳阳县
湖南省,岳阳市,华容县
湖南省,岳阳市,湘阴县
湖南省,岳阳市,平江县
湖南省,岳阳市,汨罗市
湖南省,岳阳市,临湘市
湖南省,常德市,武陵区
湖南省,常德市,鼎城区
湖南省,常德市,安乡县
湖南省,常德市,汉寿县
湖南省,常德市,澧县
湖南省,常德市,临澧县
湖南省,常德市,桃源县
湖南省,常德市,石门县
湖南省,常德市,津市市
湖南省,张家界市,永定区
湖南省,张家界市,武陵源区
湖南省,张家界市,慈利县
湖南省,张家界市,桑植县
湖南省,益阳市,资阳区
湖南省,益阳市,赫山区
湖南省,益阳市,南县
湖南省,益阳市,桃江县
湖南省,益阳市,安化县
湖南省,益阳市,沅江市
湖南省,郴州市,北湖区
湖南省,郴州市,苏仙区
湖南省,郴州市,桂阳县
湖南省,郴州市,宜章县
湖南省,郴州市,永兴县
湖南省,郴州市,嘉禾县
湖南省,郴州市,临武县
湖南省,郴州市,汝城县
湖南省,郴州市,桂东县
湖南省,郴州市,安仁县
湖南省,郴州市,资兴市
湖南省,永州市,芝山区
湖南省,永州市,冷水滩区
湖南省,永州市,祁阳县
湖南省,永州市,东安县
湖南省,永州市,双牌县
湖南省,永州市,道县
湖南省,永州市,江永县
湖南省,永州市,宁远县
湖南省,永州市,蓝山县
湖南省,永州市,新田县
湖南省,永州市,江华瑶族自治县
湖南省,怀化市,鹤城区
湖南省,怀化市,中方县
湖南省,怀化市,沅陵县
湖南省,怀化市,辰溪县
湖南省,怀化市,溆浦县
湖南省,怀化市,会同县
湖南省,怀化市,麻阳苗族自治县
湖南省,怀化市,新晃侗族自治县
湖南省,怀化市,芷江侗族自治县
湖南省,怀化市,靖州苗族侗族自治县
湖南省,怀化市,通道侗族自治县
湖南省,怀化市,洪江市
湖南省,娄底地区,娄底市
湖南省,娄底地区,冷水江市
湖南省,娄底地区,涟源市
湖南省,娄底地区,双峰县
湖南省,娄底地区,新化县
湖南省,湘西土家族苗族自治州,吉首市
湖南省,湘西土家族苗族自治州,泸溪县
湖南省,湘西土家族苗族自治州,凤凰县
湖南省,湘西土家族苗族自治州,花垣县
湖南省,湘西土家族苗族自治州,保靖县
湖南省,湘西土家族苗族自治州,古丈县
湖南省,湘西土家族苗族自治州,永顺县
湖南省,湘西土家族苗族自治州,龙山县
广东省,广州市,东山区
广东省,广州市,荔湾区
广东省,广州市,越秀区
广东省,广州市,海珠区
广东省,广州市,天河区
广东省,广州市,芳村区
广东省,广州市,白云区
广东省,广州市,黄埔区
广东省,广州市,番禺市
广东省,广州市,花都市
广东省,广州市,增城市
广东省,广州市,从化市
广东省,韶关市,武江区
广东省,韶关市,浈江区
广东省,韶关市,曲江区
广东省,韶关市,始兴县
广东省,韶关市,仁化县
广东省,韶关市,翁源县
广东省,韶关市,乳源瑶族自治县
广东省,韶关市,新丰县
广东省,韶关市,乐昌市
广东省,韶关市,南雄市
广东省,深圳市,罗湖区
广东省,深圳市,福田区
广东省,深圳市,南山区
广东省,深圳市,宝安区
广东省,深圳市,龙岗区
广东省,深圳市,盐田区
广东省,珠海市,香洲区
广东省,珠海市,斗门区
广东省,珠海市,金湾区
广东省,汕头市,濠江区
广东省,汕头市,龙湖区
广东省,汕头市,金平区
广东省,汕头市,潮南区
广东省,汕头市,澄海区
广东省,汕头市,潮阳区
广东省,汕头市,南澳县
广东省,佛山市,禅城区
广东省,佛山市,顺德区
广东省,佛山市,南海区
广东省,佛山市,三水区
广东省,佛山市,高明区
广东省,江门市,蓬江区
广东省,江门市,江海区
广东省,江门市,台山市
广东省,江门市,新会市
广东省,江门市,开平市
广东省,江门市,鹤山市
广东省,江门市,恩平市
广东省,湛江市,赤坎区
广东省,湛江市,霞山区
广东省,湛江市,坡头区
广东省,湛江市,麻章区
广东省,湛江市,遂溪县
广东省,湛江市,徐闻县
广东省,湛江市,廉江市
广东省,湛江市,雷州市
广东省,湛江市,吴川市
广东省,茂名市,茂南区
广东省,茂名市,茂港区
广东省,茂名市,电白县
广东省,茂名市,高州市
广东省,茂名市,化州市
广东省,茂名市,信宜市
广东省,肇庆市,端州区
广东省,肇庆市,鼎湖区
广东省,肇庆市,广宁县
广东省,肇庆市,怀集县
广东省,肇庆市,封开县
广东省,肇庆市,德庆县
广东省,肇庆市,高要市
广东省,肇庆市,四会市
广东省,惠州市,惠城区
广东省,惠州市,博罗县
广东省,惠州市,惠东县
广东省,惠州市,龙门县
广东省,惠州市,惠阳市
广东省,梅州市,梅江区
广东省,梅州市,梅县
广东省,梅州市,大埔县
广东省,梅州市,丰顺县
广东省,梅州市,五华县
广东省,梅州市,平远县
广东省,梅州市,蕉岭县
广东省,梅州市,兴宁市
广东省,汕尾市,城区
广东省,汕尾市,海丰县
广东省,汕尾市,陆河县
广东省,汕尾市,陆丰市
广东省,河源市,源城区
广东省,河源市,紫金县
广东省,河源市,龙川县
广东省,河源市,连平县
广东省,河源市,和平县
广东省,河源市,东源县
广东省,阳江市,江城区
广东省,阳江市,阳西县
广东省,阳江市,阳东县
广东省,阳江市,阳春市
广东省,清远市,清城区
广东省,清远市,佛冈县
广东省,清远市,阳山县
广东省,清远市,连山壮族瑶族自治县
广东省,清远市,连南瑶族自治县
广东省,清远市,清新县
广东省,清远市,英德市
广东省,清远市,连州市
广东省,东莞市,莞城区
广东省,东莞市,南城区
广东省,东莞市,东城区
广东省,东莞市,万江区
广东省,中山市,中山市
广东省,潮州市,湘桥区
广东省,潮州市,潮安县
广东省,潮州市,饶平县
广东省,揭阳市,榕城区
广东省,揭阳市,揭东县
广东省,揭阳市,揭西县
广东省,揭阳市,惠来县
广东省,揭阳市,普宁市
广东省,云浮市,云城区
广东省,云浮市,新兴县
广东省,云浮市,郁南县
广东省,云浮市,云安县
广东省,云浮市,罗定市
广西省,南宁市,兴宁区
广西省,南宁市,青秀区
广西省,南宁市,西乡塘区
广西省,南宁市,江南区
广西省,南宁市,良庆区
广西省,南宁市,邕宁区
广西省,南宁市,武鸣县
广西省,南宁市,隆安县
广西省,南宁市,马山县
广西省,南宁市,上林县
广西省,南宁市,宾阳县
广西省,南宁市,横　县
广西省,柳州市,城中区
广西省,柳州市,鱼峰区
广西省,柳州市,柳南区
广西省,柳州市,柳北区
广西省,柳州市,柳江县
广西省,柳州市,柳城县
广西省,柳州市,鹿寨县
广西省,柳州市,融安县
广西省,柳州市,融水苗族自治县
广西省,柳州市,三江侗族自治县
广西省,桂林市,秀峰区
广西省,桂林市,叠彩区
广西省,桂林市,象山区
广西省,桂林市,七星区
广西省,桂林市,雁山区
广西省,桂林市,阳朔县
广西省,桂林市,临桂县
广西省,桂林市,灵川县
广西省,桂林市,全州县
广西省,桂林市,兴安县
广西省,桂林市,永福县
广西省,桂林市,灌阳县
广西省,桂林市,龙胜各县自治区
广西省,桂林市,资源县
广西省,桂林市,平乐县
广西省,桂林市,荔蒲县
广西省,桂林市,恭城瑶族自治县
广西省,梧州市,万秀区
广西省,梧州市,蝶山区
广西省,梧州市,市郊区
广西省,梧州市,苍梧县
广西省,梧州市,藤县
广西省,梧州市,蒙山县
广西省,梧州市,岑溪市
广西省,北海市,海城区
广西省,北海市,银海区
广西省,北海市,铁山港区
广西省,北海市,合浦县
广西省,防城港市,港口区
广西省,防城港市,防城区
广西省,防城港市,上思县
广西省,防城港市,东兴市
广西省,钦州市,钦南区
广西省,钦州市,钦北区
广西省,钦州市,浦北县
广西省,钦州市,灵山县
广西省,贵港市,港北区
广西省,贵港市,港南区
广西省,贵港市,覃塘区
广西省,贵港市,平南县
广西省,贵港市,桂平市
广西省,玉林市,玉州区
广西省,玉林市,容县
广西省,玉林市,陆川县
广西省,玉林市,博白县
广西省,玉林市,兴业县
广西省,玉林市,北流市
广西省,崇左市,江州区
广西省,崇左市,凭祥市
广西省,崇左市,扶绥县
广西省,崇左市,宁明县
广西省,崇左市,龙州县
广西省,崇左市,大新县
广西省,崇左市,天等县
广西省,来宾市,兴宾区
广西省,来宾市,合山市
广西省,来宾市,忻城县
广西省,来宾市,象州县
广西省,来宾市,武宣县
广西省,来宾市,金秀瑶族自治县
广西省,贺州市,八步区
广西省,贺州市,昭平县
广西省,贺州市,钟山县
广西省,贺州市,富川瑶族自治县
广西省,百色市,右江区
广西省,百色市,田阳县
广西省,百色市,田东县
广西省,百色市,平果县
广西省,百色市,德保县
广西省,百色市,靖西县
广西省,百色市,那坡县
广西省,百色市,凌云县
广西省,百色市,乐业县
广西省,百色市,田林县
广西省,百色市,隆林各族自治县
广西省,百色市,西林县
广西省,河池市,金城江区
广西省,河池市,宜州市
广西省,河池市,罗城仫佬族自治县
广西省,河池市,环江毛南族自治县
广西省,河池市,南丹县
广西省,河池市,天峨县
广西省,河池市,凤山县
广西省,河池市,东兰县
广西省,河池市,巴马瑶族自治县
广西省,河池市,都安瑶族自治县
广西省,河池市,大化瑶族自治县
海南省,省直辖行政单位,琼海市
海南省,省直辖行政单位,儋州市
海南省,省直辖行政单位,五指山市
海南省,省直辖行政单位,文昌市
海南省,省直辖行政单位,万宁市
海南省,省直辖行政单位,东方市
海南省,省直辖行政单位,定安县
海南省,省直辖行政单位,屯昌县
海南省,省直辖行政单位,澄迈县
海南省,省直辖行政单位,临高县
海南省,省直辖行政单位,白沙黎族自治县
海南省,省直辖行政单位,昌江黎族自治县
海南省,省直辖行政单位,乐东黎族自治县
海南省,省直辖行政单位,陵水黎族自治县
海南省,省直辖行政单位,保亭黎族苗族自治县
海南省,省直辖行政单位,琼中黎族苗族自治县
海南省,省直辖行政单位,西南中沙群岛办事处
海南省,海口市,龙华区
海南省,海口市,秀英区
海南省,海口市,琼山区
海南省,海口市,美兰区
海南省,三亚市,市辖区
重庆市,重庆市,万州区
重庆市,重庆市,涪陵区
重庆市,重庆市,渝中区
重庆市,重庆市,大渡口区
重庆市,重庆市,江北区
重庆市,重庆市,沙坪坝区
重庆市,重庆市,九龙坡区
重庆市,重庆市,南岸区
重庆市,重庆市,北碚区
重庆市,重庆市,万盛区
重庆市,重庆市,双桥区
重庆市,重庆市,渝北区
重庆市,重庆市,巴南区
重庆市,重庆市,长寿县
重庆市,重庆市,綦江县
重庆市,重庆市,潼南县
重庆市,重庆市,铜梁县
重庆市,重庆市,大足县
重庆市,重庆市,荣昌县
重庆市,重庆市,璧山县
重庆市,重庆市,梁平县
重庆市,重庆市,城口县
重庆市,重庆市,丰都县
重庆市,重庆市,垫江县
重庆市,重庆市,武隆县
重庆市,重庆市,忠县
重庆市,重庆市,开县
重庆市,重庆市,云阳县
重庆市,重庆市,奉节县
重庆市,重庆市,巫山县
重庆市,重庆市,巫溪县
重庆市,重庆市,黔江土家族苗族自治县
重庆市,重庆市,石柱土家族自治县
重庆市,重庆市,秀山土家族苗族自治县
重庆市,重庆市,酉阳土家族苗族自治县
重庆市,重庆市,彭水苗族土家族自治县
重庆市,重庆市,江津市
重庆市,重庆市,合川市
重庆市,重庆市,永川市
重庆市,重庆市,南川市
四川省,成都市,锦江区
四川省,成都市,青羊区
四川省,成都市,金牛区
四川省,成都市,武侯区
四川省,成都市,成华区
四川省,成都市,龙泉驿区
四川省,成都市,青白江区
四川省,成都市,金堂县
四川省,成都市,双流县
四川省,成都市,温江县
四川省,成都市,郫县
四川省,成都市,新都县
四川省,成都市,大邑县
四川省,成都市,蒲江县
四川省,成都市,新津县
四川省,成都市,都江堰市
四川省,成都市,彭州市
四川省,成都市,邛崃市
四川省,成都市,崇州市
四川省,自贡市,自流井区
四川省,自贡市,贡井区
四川省,自贡市,大安区
四川省,自贡市,沿滩区
四川省,自贡市,荣县
四川省,自贡市,富顺县
四川省,攀枝花市,东区
四川省,攀枝花市,西区
四川省,攀枝花市,仁和区
四川省,攀枝花市,米易县
四川省,攀枝花市,盐边县
四川省,泸州市,江阳区
四川省,泸州市,纳溪区
四川省,泸州市,龙马潭区
四川省,泸州市,泸县
四川省,泸州市,合江县
四川省,泸州市,叙永县
四川省,泸州市,古蔺县
四川省,德阳市,旌阳区
四川省,德阳市,中江县
四川省,德阳市,罗江县
四川省,德阳市,广汉市
四川省,德阳市,什邡市
四川省,德阳市,绵竹市
四川省,绵阳市,涪城区
四川省,绵阳市,游仙区
四川省,绵阳市,三台县
四川省,绵阳市,盐亭县
四川省,绵阳市,安县
四川省,绵阳市,梓潼县
四川省,绵阳市,北川县
四川省,绵阳市,平武县
四川省,绵阳市,江油市
四川省,广元市,利州区
四川省,广元市,元坝区
四川省,广元市,朝天区
四川省,广元市,旺苍县
四川省,广元市,青川县
四川省,广元市,剑阁县
四川省,广元市,苍溪县
四川省,遂宁市,船山区
四川省,遂宁市,　安居区
四川省,遂宁市,蓬溪县
四川省,遂宁市,射洪县
四川省,遂宁市,大英县
四川省,内江市,市中区
四川省,内江市,东兴区
四川省,内江市,威远县
四川省,内江市,资中县
四川省,内江市,隆昌县
四川省,乐山市,市中区
四川省,乐山市,沙湾区
四川省,乐山市,五通桥区
四川省,乐山市,金口河区
四川省,乐山市,犍为县
四川省,乐山市,井研县
四川省,乐山市,夹江县
四川省,乐山市,沐川县
四川省,乐山市,峨边彝族自治县
四川省,乐山市,马边彝族自治县
四川省,乐山市,峨眉山市
四川省,南充市,顺庆区
四川省,南充市,高坪区
四川省,南充市,嘉陵区
四川省,南充市,南部县
四川省,南充市,营山县
四川省,南充市,蓬安县
四川省,南充市,仪陇县
四川省,南充市,西充县
四川省,南充市,阆中市
四川省,宜宾市,翠屏区
四川省,宜宾市,宜宾县
四川省,宜宾市,南溪县
四川省,宜宾市,江安县
四川省,宜宾市,长宁县
四川省,宜宾市,高县
四川省,宜宾市,珙县
四川省,宜宾市,筠连县
四川省,宜宾市,兴文县
四川省,宜宾市,屏山县
四川省,广安市,广安区
四川省,广安市, 岳池县
四川省,广安市, 武胜县
四川省,广安市, 邻水县
四川省,广安市, 华莹市
四川省,达川地区,达川市
四川省,达川地区,万源市
四川省,达川地区,达县
四川省,达川地区,宣汉县
四川省,达川地区,开江县
四川省,达川地区,大竹县
四川省,达川地区,渠县
四川省,雅安地区,雅安市
四川省,雅安地区,名山县
四川省,雅安地区,荥经县
四川省,雅安地区,汉源县
四川省,雅安地区,石棉县
四川省,雅安地区,天全县
四川省,雅安地区,芦山县
四川省,雅安地区,宝兴县
四川省,阿坝藏族羌族自治州,汶川县
四川省,阿坝藏族羌族自治州,理县
四川省,阿坝藏族羌族自治州,茂县
四川省,阿坝藏族羌族自治州,松潘县
四川省,阿坝藏族羌族自治州,九寨沟县
四川省,阿坝藏族羌族自治州,金川县
四川省,阿坝藏族羌族自治州,小金县
四川省,阿坝藏族羌族自治州,黑水县
四川省,阿坝藏族羌族自治州,马尔康县
四川省,阿坝藏族羌族自治州,壤塘县
四川省,阿坝藏族羌族自治州,阿坝县
四川省,阿坝藏族羌族自治州,若尔盖县
四川省,阿坝藏族羌族自治州,红原县
四川省,甘孜藏族自治州,康定县
四川省,甘孜藏族自治州,泸定县
四川省,甘孜藏族自治州,丹巴县
四川省,甘孜藏族自治州,九龙县
四川省,甘孜藏族自治州,雅江县
四川省,甘孜藏族自治州,道孚县
四川省,甘孜藏族自治州,炉霍县
四川省,甘孜藏族自治州,甘孜县
四川省,甘孜藏族自治州,新龙县
四川省,甘孜藏族自治州,德格县
四川省,甘孜藏族自治州,白玉县
四川省,甘孜藏族自治州,石渠县
四川省,甘孜藏族自治州,色达县
四川省,甘孜藏族自治州,理塘县
四川省,甘孜藏族自治州,巴塘县
四川省,甘孜藏族自治州,乡城县
四川省,甘孜藏族自治州,稻城县
四川省,甘孜藏族自治州,得荣县
四川省,凉山彝族自治州,西昌市
四川省,凉山彝族自治州,木里藏族自治县
四川省,凉山彝族自治州,盐源县
四川省,凉山彝族自治州,德昌县
四川省,凉山彝族自治州,会理县
四川省,凉山彝族自治州,会东县
四川省,凉山彝族自治州,宁南县
四川省,凉山彝族自治州,普格县
四川省,凉山彝族自治州,布拖县
四川省,凉山彝族自治州,金阳县
四川省,凉山彝族自治州,昭觉县
四川省,凉山彝族自治州,喜德县
四川省,凉山彝族自治州,冕宁县
四川省,凉山彝族自治州,越西县
四川省,凉山彝族自治州,甘洛县
四川省,凉山彝族自治州,美姑县
四川省,凉山彝族自治州,雷波县
四川省,巴中地区,巴中市
四川省,巴中地区,通江县
四川省,巴中地区,南江县
四川省,巴中地区,平昌县
四川省,眉山地区,眉山县
四川省,眉山地区,仁寿县
四川省,眉山地区,彭山县
四川省,眉山地区,洪雅县
四川省,眉山地区,丹棱县
四川省,眉山地区,青神县
四川省,资阳地区,资阳市
四川省,资阳地区,简阳市
四川省,资阳地区,安岳县
四川省,资阳地区,乐至县
贵州省,贵阳市,南明区
贵州省,贵阳市,云岩区
贵州省,贵阳市,花溪区
贵州省,贵阳市,乌当区
贵州省,贵阳市,白云区
贵州省,贵阳市,小河区
贵州省,贵阳市,开阳县
贵州省,贵阳市,息烽县
贵州省,贵阳市,修文县
贵州省,贵阳市,清镇市
贵州省,六盘水市,钟山区
贵州省,六盘水市,盘县特区
贵州省,六盘水市,六枝特区
贵州省,六盘水市,水城县
贵州省,遵义市,红花岗区
贵州省,遵义市,汇川区
贵州省,遵义市,遵义县
贵州省,遵义市,桐梓县
贵州省,遵义市,绥阳县
贵州省,遵义市,正安县
贵州省,遵义市,道真仡佬族苗族自治县
贵州省,遵义市,务川仡佬族苗族自治县
贵州省,遵义市,凤冈县
贵州省,遵义市,湄潭县
贵州省,遵义市,余庆县
贵州省,遵义市,习水县
贵州省,遵义市,赤水市
贵州省,遵义市,仁怀市
贵州省,铜仁地区,铜仁市
贵州省,铜仁地区,江口县
贵州省,铜仁地区,玉屏侗族自治县
贵州省,铜仁地区,石阡县
贵州省,铜仁地区,思南县
贵州省,铜仁地区,印江土家族苗族自治县
贵州省,铜仁地区,德江县
贵州省,铜仁地区,沿河土家族自治县
贵州省,铜仁地区,松桃苗族自治县
贵州省,铜仁地区,万山特区
贵州省,黔西南布依族苗族自治州,兴义市
贵州省,黔西南布依族苗族自治州,兴仁县
贵州省,黔西南布依族苗族自治州,普安县
贵州省,黔西南布依族苗族自治州,晴隆县
贵州省,黔西南布依族苗族自治州,贞丰县
贵州省,黔西南布依族苗族自治州,望谟县
贵州省,黔西南布依族苗族自治州,册亨县
贵州省,黔西南布依族苗族自治州,安龙县
贵州省,毕节地区,毕节市
贵州省,毕节地区,大方县
贵州省,毕节地区,黔西县
贵州省,毕节地区,金沙县
贵州省,毕节地区,织金县
贵州省,毕节地区,纳雍县
贵州省,毕节地区,威宁彝族回族苗族自治县
贵州省,毕节地区,赫章县
贵州省,安顺地区,安顺市
贵州省,安顺地区,平坝县
贵州省,安顺地区,普定县
贵州省,安顺地区,关岭布依族苗族自治县
贵州省,安顺地区,镇宁布依族苗族自治县
贵州省,安顺地区,紫云苗族布依族自治县
贵州省,黔东南苗族侗族自治州,凯里市
贵州省,黔东南苗族侗族自治州,黄平县
贵州省,黔东南苗族侗族自治州,施秉县
贵州省,黔东南苗族侗族自治州,三穗县
贵州省,黔东南苗族侗族自治州,镇远县
贵州省,黔东南苗族侗族自治州,岑巩县
贵州省,黔东南苗族侗族自治州,天柱县
贵州省,黔东南苗族侗族自治州,锦屏县
贵州省,黔东南苗族侗族自治州,剑河县
贵州省,黔东南苗族侗族自治州,台江县
贵州省,黔东南苗族侗族自治州,黎平县
贵州省,黔东南苗族侗族自治州,榕江县
贵州省,黔东南苗族侗族自治州,从江县
贵州省,黔东南苗族侗族自治州,雷山县
贵州省,黔东南苗族侗族自治州,麻江县
贵州省,黔东南苗族侗族自治州,丹寨县
贵州省,黔南布依族苗族自治州,都匀市
贵州省,黔南布依族苗族自治州,福泉市
贵州省,黔南布依族苗族自治州,荔波县
贵州省,黔南布依族苗族自治州,贵定县
贵州省,黔南布依族苗族自治州,瓮安县
贵州省,黔南布依族苗族自治州,独山县
贵州省,黔南布依族苗族自治州,平塘县
贵州省,黔南布依族苗族自治州,罗甸县
贵州省,黔南布依族苗族自治州,长顺县
贵州省,黔南布依族苗族自治州,龙里县
贵州省,黔南布依族苗族自治州,惠水县
贵州省,黔南布依族苗族自治州,三都水族自治县
云南省,昆明市,五华区
云南省,昆明市,盘龙区
云南省,昆明市,官渡区
云南省,昆明市,西山区
云南省,昆明市,东川区
云南省,昆明市,呈贡县
云南省,昆明市,晋宁县
云南省,昆明市,富民县
云南省,昆明市,宜良县
云南省,昆明市,石林彝族自治县
云南省,昆明市,嵩明县
云南省,昆明市,禄劝彝族苗族自治县
云南省,昆明市,寻甸回族彝族自治县
云南省,昆明市,安宁市
云南省,曲靖市,麒麟区
云南省,曲靖市,马龙县
云南省,曲靖市,陆良县
云南省,曲靖市,师宗县
云南省,曲靖市,罗平县
云南省,曲靖市,富源县
云南省,曲靖市,会泽县
云南省,曲靖市,沾益县
云南省,曲靖市,宣威市
云南省,玉溪市,红塔区
云南省,玉溪市,江川县
云南省,玉溪市,澄江县
云南省,玉溪市,通海县
云南省,玉溪市,华宁县
云南省,玉溪市,易门县
云南省,玉溪市,峨山彝族自治县
云南省,玉溪市,新平彝族傣族自治县
云南省,玉溪市,元江哈尼族彝族傣族自治县
云南省,昭通地区,昭通市
云南省,昭通地区,鲁甸县
云南省,昭通地区,巧家县
云南省,昭通地区,盐津县
云南省,昭通地区,大关县
云南省,昭通地区,永善县
云南省,昭通地区,绥江县
云南省,昭通地区,镇雄县
云南省,昭通地区,彝良县
云南省,昭通地区,威信县
云南省,昭通地区,水富县
云南省,楚雄彝族自治州,楚雄市
云南省,楚雄彝族自治州,双柏县
云南省,楚雄彝族自治州,牟定县
云南省,楚雄彝族自治州,南华县
云南省,楚雄彝族自治州,姚安县
云南省,楚雄彝族自治州,大姚县
云南省,楚雄彝族自治州,永仁县
云南省,楚雄彝族自治州,元谋县
云南省,楚雄彝族自治州,武定县
云南省,楚雄彝族自治州,禄丰县
云南省,红河哈尼族彝族自治州,个旧市
云南省,红河哈尼族彝族自治州,开远市
云南省,红河哈尼族彝族自治州,蒙自县
云南省,红河哈尼族彝族自治州,屏边苗族自治县
云南省,红河哈尼族彝族自治州,建水县
云南省,红河哈尼族彝族自治州,石屏县
云南省,红河哈尼族彝族自治州,弥勒县
云南省,红河哈尼族彝族自治州,泸西县
云南省,红河哈尼族彝族自治州,元阳县
云南省,红河哈尼族彝族自治州,红河县
云南省,红河哈尼族彝族自治州,金平苗族瑶族傣族自治县
云南省,红河哈尼族彝族自治州,绿春县
云南省,红河哈尼族彝族自治州,河口瑶族自治县
云南省,文山壮族苗族自治州,文山县
云南省,文山壮族苗族自治州,砚山县
云南省,文山壮族苗族自治州,西畴县
云南省,文山壮族苗族自治州,麻栗坡县
云南省,文山壮族苗族自治州,马关县
云南省,文山壮族苗族自治州,丘北县
云南省,文山壮族苗族自治州,广南县
云南省,文山壮族苗族自治州,富宁县
云南省,思茅市,思茅市
云南省,思茅市,普洱哈尼族彝族自治县
云南省,思茅市,墨江哈尼族自治县
云南省,思茅市,景东彝族自治县
云南省,思茅市,景谷傣族彝族自治县
云南省,思茅市,镇沅彝族哈尼族拉祜族自治县
云南省,思茅市,江城哈尼族彝族自治县
云南省,思茅市,孟连傣族拉祜族佤族自治县
云南省,思茅市,澜沧拉祜族自治县
云南省,思茅市,西盟佤族自治县
云南省,西双版纳傣族自治州,景洪市
云南省,西双版纳傣族自治州,勐海县
云南省,西双版纳傣族自治州,勐腊县
云南省,大理白族自治州,大理市
云南省,大理白族自治州,漾濞彝族自治县
云南省,大理白族自治州,祥云县
云南省,大理白族自治州,宾川县
云南省,大理白族自治州,弥渡县
云南省,大理白族自治州,南涧彝族自治县
云南省,大理白族自治州,巍山彝族回族自治县
云南省,大理白族自治州,永平县
云南省,大理白族自治州,云龙县
云南省,大理白族自治州,洱源县
云南省,大理白族自治州,剑川县
云南省,大理白族自治州,鹤庆县
云南省,保山地区,保山市
云南省,保山地区,施甸县
云南省,保山地区,腾冲县
云南省,保山地区,龙陵县
云南省,保山地区,昌宁县
云南省,德宏傣族景颇族自治州,畹町市
云南省,德宏傣族景颇族自治州,瑞丽市
云南省,德宏傣族景颇族自治州,潞西市
云南省,德宏傣族景颇族自治州,梁河县
云南省,德宏傣族景颇族自治州,盈江县
云南省,德宏傣族景颇族自治州,陇川县
云南省,丽江地区,丽江纳西族自治县
云南省,丽江地区,永胜县
云南省,丽江地区,华坪县
云南省,丽江地区,宁蒗彝族自治县
云南省,怒江傈僳族自治州,泸水县
云南省,怒江傈僳族自治州,福贡县
云南省,怒江傈僳族自治州,贡山独龙族怒族自治县
云南省,怒江傈僳族自治州,兰坪白族普米族自治县
云南省,迪庆藏族自治州,中甸县
云南省,迪庆藏族自治州,德钦县
云南省,迪庆藏族自治州,维西傈僳族自治县
云南省,临沧地区,临沧县
云南省,临沧地区,凤庆县
云南省,临沧地区,云县
云南省,临沧地区,永德县
云南省,临沧地区,镇康县
云南省,临沧地区,双江拉祜族佤族布朗族傣族自治县
云南省,临沧地区,耿马傣族佤族自治县
云南省,临沧地区,沧源佤族自治县
西藏省,拉萨市,城关区
西藏省,拉萨市,林周县
西藏省,拉萨市,当雄县
西藏省,拉萨市,尼木县
西藏省,拉萨市,曲水县
西藏省,拉萨市,堆龙德庆县
西藏省,拉萨市,达孜县
西藏省,拉萨市,墨竹工卡县
西藏省,昌都地区,昌都县
西藏省,昌都地区,江达县
西藏省,昌都地区,贡觉县
西藏省,昌都地区,类乌齐县
西藏省,昌都地区,丁青县
西藏省,昌都地区,察雅县
西藏省,昌都地区,八宿县
西藏省,昌都地区,左贡县
西藏省,昌都地区,芒康县
西藏省,昌都地区,洛隆县
西藏省,昌都地区,边坝县
西藏省,山南地区,乃东县
西藏省,山南地区,扎囊县
西藏省,山南地区,贡嘎县
西藏省,山南地区,桑日县
西藏省,山南地区,琼结县
西藏省,山南地区,曲松县
西藏省,山南地区,措美县
西藏省,山南地区,洛扎县
西藏省,山南地区,加查县
西藏省,山南地区,隆子县
西藏省,山南地区,错那县
西藏省,山南地区,浪卡子县
西藏省,日喀则地区,日喀则市
西藏省,日喀则地区,南木林县
西藏省,日喀则地区,江孜县
西藏省,日喀则地区,定日县
西藏省,日喀则地区,萨迦县
西藏省,日喀则地区,拉孜县
西藏省,日喀则地区,昂仁县
西藏省,日喀则地区,谢通门县
西藏省,日喀则地区,白朗县
西藏省,日喀则地区,仁布县
西藏省,日喀则地区,康马县
西藏省,日喀则地区,定结县
西藏省,日喀则地区,仲巴县
西藏省,日喀则地区,亚东县
西藏省,日喀则地区,吉隆县
西藏省,日喀则地区,聂拉木县
西藏省,日喀则地区,萨嘎县
西藏省,日喀则地区,岗巴县
西藏省,那曲地区,那曲县
西藏省,那曲地区,嘉黎县
西藏省,那曲地区,比如县
西藏省,那曲地区,聂荣县
西藏省,那曲地区,安多县
西藏省,那曲地区,申扎县
西藏省,那曲地区,索县
西藏省,那曲地区,班戈县
西藏省,那曲地区,巴青县
西藏省,那曲地区,尼玛县
西藏省,阿里地区,普兰县
西藏省,阿里地区,札达县
西藏省,阿里地区,噶尔县
西藏省,阿里地区,日土县
西藏省,阿里地区,革吉县
西藏省,阿里地区,改则县
西藏省,阿里地区,措勤县
西藏省,林芝地区,林芝县
西藏省,林芝地区,工布江达县
西藏省,林芝地区,米林县
西藏省,林芝地区,墨脱县
西藏省,林芝地区,波密县
西藏省,林芝地区,察隅县
西藏省,林芝地区,朗县
陕西省,西安市,新城区
陕西省,西安市,碑林区
陕西省,西安市,莲湖区
陕西省,西安市,灞桥区
陕西省,西安市,未央区
陕西省,西安市,雁塔区
陕西省,西安市,阎良区
陕西省,西安市,临潼区
陕西省,西安市,长安县
陕西省,西安市,蓝田县
陕西省,西安市,周至县
陕西省,西安市,户县
陕西省,西安市,高陵县
陕西省,铜川市,城区
陕西省,铜川市,郊区
陕西省,铜川市,耀县
陕西省,铜川市,宜君县
陕西省,宝鸡市,渭滨区
陕西省,宝鸡市,金台区
陕西省,宝鸡市,宝鸡县
陕西省,宝鸡市,凤翔县
陕西省,宝鸡市,岐山县
陕西省,宝鸡市,扶风县
陕西省,宝鸡市,眉县
陕西省,宝鸡市,陇县
陕西省,宝鸡市,千阳县
陕西省,宝鸡市,麟游县
陕西省,宝鸡市,凤县
陕西省,宝鸡市,太白县
陕西省,咸阳市,秦都区
陕西省,咸阳市,杨陵区
陕西省,咸阳市,渭城区
陕西省,咸阳市,三原县
陕西省,咸阳市,泾阳县
陕西省,咸阳市,乾县
陕西省,咸阳市,礼泉县
陕西省,咸阳市,永寿县
陕西省,咸阳市,彬县
陕西省,咸阳市,长武县
陕西省,咸阳市,旬邑县
陕西省,咸阳市,淳化县
陕西省,咸阳市,武功县
陕西省,咸阳市,兴平市
陕西省,渭南市,临渭区
陕西省,渭南市,华县
陕西省,渭南市,潼关县
陕西省,渭南市,大荔县
陕西省,渭南市,合阳县
陕西省,渭南市,澄城县
陕西省,渭南市,蒲城县
陕西省,渭南市,白水县
陕西省,渭南市,富平县
陕西省,渭南市,韩城市
陕西省,渭南市,华阴市
陕西省,延安市,宝塔区
陕西省,延安市,延长县
陕西省,延安市,延川县
陕西省,延安市,子长县
陕西省,延安市,安塞县
陕西省,延安市,志丹县
陕西省,延安市,吴旗县
陕西省,延安市,甘泉县
陕西省,延安市,富县
陕西省,延安市,洛川县
陕西省,延安市,宜川县
陕西省,延安市,黄龙县
陕西省,延安市,黄陵县
陕西省,汉中市,汉台区
陕西省,汉中市,南郑县
陕西省,汉中市,城固县
陕西省,汉中市,洋县
陕西省,汉中市,西乡县
陕西省,汉中市,勉县
陕西省,汉中市,宁强县
陕西省,汉中市,略阳县
陕西省,汉中市,镇巴县
陕西省,汉中市,留坝县
陕西省,汉中市,佛坪县
陕西省,安康地区,安康市
陕西省,安康地区,汉阴县
陕西省,安康地区,石泉县
陕西省,安康地区,宁陕县
陕西省,安康地区,紫阳县
陕西省,安康地区,岚皋县
陕西省,安康地区,平利县
陕西省,安康地区,镇坪县
陕西省,安康地区,旬阳县
陕西省,安康地区,白河县
陕西省,商洛地区,商州市
陕西省,商洛地区,洛南县
陕西省,商洛地区,丹凤县
陕西省,商洛地区,商南县
陕西省,商洛地区,山阳县
陕西省,商洛地区,镇安县
陕西省,商洛地区,柞水县
陕西省,榆林地区,榆林市
陕西省,榆林地区,神木县
陕西省,榆林地区,府谷县
陕西省,榆林地区,横山县
陕西省,榆林地区,靖边县
陕西省,榆林地区,定边县
陕西省,榆林地区,绥德县
陕西省,榆林地区,米脂县
陕西省,榆林地区,佳县
陕西省,榆林地区,吴堡县
陕西省,榆林地区,清涧县
陕西省,榆林地区,子洲县
甘肃省,兰州市,城关区
甘肃省,兰州市,七里河区
甘肃省,兰州市,西固区
甘肃省,兰州市,安宁区
甘肃省,兰州市,红古区
甘肃省,兰州市,永登县
甘肃省,兰州市,皋兰县
甘肃省,兰州市,榆中县
甘肃省,嘉峪关市,市辖区
甘肃省,金昌市,金川区
甘肃省,金昌市,永昌县
甘肃省,白银市,白银区
甘肃省,白银市,平川区
甘肃省,白银市,靖远县
甘肃省,白银市,会宁县
甘肃省,白银市,景泰县
甘肃省,天水市,秦城区
甘肃省,天水市,北道区
甘肃省,天水市,清水县
甘肃省,天水市,秦安县
甘肃省,天水市,甘谷县
甘肃省,天水市,武山县
甘肃省,天水市,张家川回族自治县
甘肃省,酒泉地区,玉门市
甘肃省,酒泉地区,酒泉市
甘肃省,酒泉地区,敦煌市
甘肃省,酒泉地区,金塔县
甘肃省,酒泉地区,肃北蒙古族自治县
甘肃省,酒泉地区,阿克塞哈萨克族自治县
甘肃省,酒泉地区,安西县
甘肃省,张掖地区,张掖市
甘肃省,张掖地区,肃南裕固族自治县
甘肃省,张掖地区,民乐县
甘肃省,张掖地区,临泽县
甘肃省,张掖地区,高台县
甘肃省,张掖地区,山丹县
甘肃省,武威地区,武威市
甘肃省,武威地区,民勤县
甘肃省,武威地区,古浪县
甘肃省,武威地区,天祝藏族自治县
甘肃省,定西地区,定西县
甘肃省,定西地区,通渭县
甘肃省,定西地区,陇西县
甘肃省,定西地区,渭源县
甘肃省,定西地区,临洮县
甘肃省,定西地区,漳县
甘肃省,定西地区,岷县
甘肃省,陇南地区,武都县
甘肃省,陇南地区,宕昌县
甘肃省,陇南地区,成县
甘肃省,陇南地区,康县
甘肃省,陇南地区,文县
甘肃省,陇南地区,西和县
甘肃省,陇南地区,礼县
甘肃省,陇南地区,两当县
甘肃省,陇南地区,徽县
甘肃省,平凉地区,平凉市
甘肃省,平凉地区,泾川县
甘肃省,平凉地区,灵台县
甘肃省,平凉地区,崇信县
甘肃省,平凉地区,华亭县
甘肃省,平凉地区,庄浪县
甘肃省,平凉地区,静宁县
甘肃省,庆阳地区,西峰市
甘肃省,庆阳地区,庆阳县
甘肃省,庆阳地区,环县
甘肃省,庆阳地区,华池县
甘肃省,庆阳地区,合水县
甘肃省,庆阳地区,正宁县
甘肃省,庆阳地区,宁县
甘肃省,庆阳地区,镇原县
甘肃省,临夏回族自治州,临夏市
甘肃省,临夏回族自治州,临夏县
甘肃省,临夏回族自治州,康乐县
甘肃省,临夏回族自治州,永靖县
甘肃省,临夏回族自治州,广河县
甘肃省,临夏回族自治州,和政县
甘肃省,临夏回族自治州,东乡族自治县
甘肃省,临夏回族自治州,积石山保安族东乡族撒拉族自治县
甘肃省,甘南藏族自治州,合作市
甘肃省,甘南藏族自治州,临潭县
甘肃省,甘南藏族自治州,卓尼县
甘肃省,甘南藏族自治州,舟曲县
甘肃省,甘南藏族自治州,迭部县
甘肃省,甘南藏族自治州,玛曲县
甘肃省,甘南藏族自治州,碌曲县
甘肃省,甘南藏族自治州,夏河县
青海省,西宁市,城东区
青海省,西宁市,城中区
青海省,西宁市,城西区
青海省,西宁市,城北区
青海省,西宁市,大通回族土族自治县
青海省,海东地区,平安县
青海省,海东地区,民和回族土族自治县
青海省,海东地区,乐都县
青海省,海东地区,湟中县
青海省,海东地区,湟源县
青海省,海东地区,互助土族自治县
青海省,海东地区,化隆回族自治县
青海省,海东地区,循化撒拉族自治县
青海省,海北藏族自治州,门源回族自治县
青海省,海北藏族自治州,祁连县
青海省,海北藏族自治州,海晏县
青海省,海北藏族自治州,刚察县
青海省,黄南藏族自治州,同仁县
青海省,黄南藏族自治州,尖扎县
青海省,黄南藏族自治州,泽库县
青海省,黄南藏族自治州,河南蒙古族自治县
青海省,海南藏族自治州,共和县
青海省,海南藏族自治州,同德县
青海省,海南藏族自治州,贵德县
青海省,海南藏族自治州,兴海县
青海省,海南藏族自治州,贵南县
青海省,果洛藏族自治州,玛沁县
青海省,果洛藏族自治州,班玛县
青海省,果洛藏族自治州,甘德县
青海省,果洛藏族自治州,达日县
青海省,果洛藏族自治州,久治县
青海省,果洛藏族自治州,玛多县
青海省,玉树藏族自治州,玉树县
青海省,玉树藏族自治州,杂多县
青海省,玉树藏族自治州,称多县
青海省,玉树藏族自治州,治多县
青海省,玉树藏族自治州,囊谦县
青海省,玉树藏族自治州,曲麻莱县
青海省,海西蒙古族藏族自治州,格尔木市
青海省,海西蒙古族藏族自治州,德令哈市
青海省,海西蒙古族藏族自治州,乌兰县
青海省,海西蒙古族藏族自治州,都兰县
青海省,海西蒙古族藏族自治州,天峻县
宁夏省,银川市,兴庆区
宁夏省,银川市,西夏区
宁夏省,银川市,金凤区
宁夏省,银川市,永宁县
宁夏省,银川市,贺兰县
宁夏省,银川市, 灵武市
宁夏省,石嘴山市,大武口区
宁夏省,石嘴山市,惠农区
宁夏省,石嘴山市,平罗县
宁夏省,吴忠市,利通区
宁夏省,吴忠市,　红寺堡区
宁夏省,吴忠市,盐池县
宁夏省,吴忠市,同心县
宁夏省,吴忠市,青铜峡市
宁夏省,固原地区,原州区
宁夏省,固原地区,西吉县
宁夏省,固原地区,隆德县
宁夏省,固原地区,泾源县
宁夏省,固原地区,彭阳县
宁夏省,中 卫 市,沙坡头区
宁夏省,中 卫 市, 中宁县
宁夏省,中 卫 市,海原县
新疆省,乌鲁木齐市,天山区
新疆省,乌鲁木齐市,沙依巴克区
新疆省,乌鲁木齐市,新市区
新疆省,乌鲁木齐市,水磨沟区
新疆省,乌鲁木齐市,头屯河区
新疆省,乌鲁木齐市,南山矿区
新疆省,乌鲁木齐市,东山区
新疆省,乌鲁木齐市,乌鲁木齐县
新疆省,克拉玛依市,独山子区
新疆省,克拉玛依市,克拉玛依区
新疆省,克拉玛依市,白碱滩区
新疆省,克拉玛依市,乌尔禾区
新疆省,吐鲁番地区,吐鲁番市
新疆省,吐鲁番地区,鄯善县
新疆省,吐鲁番地区,托克逊县
新疆省,哈密地区,哈密市
新疆省,哈密地区,巴里坤哈萨克自治县
新疆省,哈密地区,伊吾县
新疆省,昌吉回族自治州,昌吉市
新疆省,昌吉回族自治州,阜康市
新疆省,昌吉回族自治州,呼图壁县
新疆省,昌吉回族自治州,玛纳斯县
新疆省,昌吉回族自治州,奇台县
新疆省,昌吉回族自治州,吉木萨尔县
新疆省,昌吉回族自治州,木垒哈萨克自治县
新疆省,博尔塔拉蒙古自治州,博乐市
新疆省,博尔塔拉蒙古自治州,精河县
新疆省,博尔塔拉蒙古自治州,温泉县
新疆省,巴音郭楞蒙古自治州,库尔勒市
新疆省,巴音郭楞蒙古自治州,轮台县
新疆省,巴音郭楞蒙古自治州,尉犁县
新疆省,巴音郭楞蒙古自治州,若羌县
新疆省,巴音郭楞蒙古自治州,且末县
新疆省,巴音郭楞蒙古自治州,焉耆回族自治县
新疆省,巴音郭楞蒙古自治州,和静县
新疆省,巴音郭楞蒙古自治州,和硕县
新疆省,巴音郭楞蒙古自治州,博湖县
新疆省,阿克苏地区,阿克苏市
新疆省,阿克苏地区,温宿县
新疆省,阿克苏地区,库车县
新疆省,阿克苏地区,沙雅县
新疆省,阿克苏地区,新和县
新疆省,阿克苏地区,拜城县
新疆省,阿克苏地区,乌什县
新疆省,阿克苏地区,阿瓦提县
新疆省,阿克苏地区,柯坪县
新疆省,克孜勒苏柯尔克孜自治州,阿图什市
新疆省,克孜勒苏柯尔克孜自治州,阿克陶县
新疆省,克孜勒苏柯尔克孜自治州,阿合奇县
新疆省,克孜勒苏柯尔克孜自治州,乌恰县
新疆省,喀什地区,喀什市
新疆省,喀什地区,疏附县
新疆省,喀什地区,疏勒县
新疆省,喀什地区,英吉沙县
新疆省,喀什地区,泽普县
新疆省,喀什地区,莎车县
新疆省,喀什地区,叶城县
新疆省,喀什地区,麦盖提县
新疆省,喀什地区,岳普湖县
新疆省,喀什地区,伽师县
新疆省,喀什地区,巴楚县
新疆省,喀什地区,塔什库尔干塔吉克自治县
新疆省,和田地区,和田市
新疆省,和田地区,和田县
新疆省,和田地区,墨玉县
新疆省,和田地区,皮山县
新疆省,和田地区,洛浦县
新疆省,和田地区,策勒县
新疆省,和田地区,于田县
新疆省,和田地区,民丰县
新疆省,伊犁哈萨克自治州,奎屯市
新疆省,伊犁哈萨克自治州,伊犁地区
新疆省,伊犁哈萨克自治州,伊宁市
新疆省,伊犁哈萨克自治州,伊宁县
新疆省,伊犁哈萨克自治州,察布查尔锡伯自治县
新疆省,伊犁哈萨克自治州,霍城县
新疆省,伊犁哈萨克自治州,巩留县
新疆省,伊犁哈萨克自治州,新源县
新疆省,伊犁哈萨克自治州,昭苏县
新疆省,伊犁哈萨克自治州,特克斯县
新疆省,伊犁哈萨克自治州,尼勒克县
新疆省,塔城地区,塔城市
新疆省,塔城地区,乌苏市
新疆省,塔城地区,额敏县
新疆省,塔城地区,沙湾县
新疆省,塔城地区,托里县
新疆省,塔城地区,裕民县
新疆省,塔城地区,和布克赛尔蒙古自治县
新疆省,阿勒泰地区,阿勒泰市
新疆省,阿勒泰地区,布尔津县
新疆省,阿勒泰地区,富蕴县
新疆省,阿勒泰地区,福海县
新疆省,阿勒泰地区,哈巴河县
新疆省,阿勒泰地区,青河县
新疆省,阿勒泰地区,吉木乃县
新疆省,省直辖行政单位,石河子市
新疆省,省直辖行政单位,阿拉尔市
新疆省,省直辖行政单位,图木舒克市
新疆省,省直辖行政单位,五家渠市
